id,name,Gross,company
1,Avengers: Endgame,815501784,BV
2,Captain Marvel,426181433,BV
3,Aladdin (2019),185032174,BV
4,Us,174891780,Uni.
5,How to Train Your Dragon: The Hidden World,160596575,Uni.
6,Shazam!,138690400,WB (NL)
7,Pokemon Detective Pikachu,130601211,WB
8,John Wick: Chapter 3 - Parabellum,125752812,LG/S
9,Dumbo (2019),113754882,BV
10,Glass,111035005,Uni.
11,The Upside,108252517,STX
12,The LEGO Movie 2: The Second Part,105806508,WB
13,Alita: Battle Angel,85710210,Fox
14,Tyler Perry's A Madea Family Funeral,73257045,LGF
15,Escape Room,57005601,Sony
16,Pet Sematary (2019),54724696,Par.
17,What Men Want,54611903,Par.
18,The Curse of La Llorona,54090245,WB (NL)
19,Godzilla: King of the Monsters,49025000,WB
20,Isn't It Romantic,48791187,WB (NL)
21,Five Feet Apart,45729221,LGF
22,Wonder Park,45216793,Par.
23,A Dog's Way Home,42004346,Sony
24,Little,40553130,Uni.
25,Breakthrough,40301588,Fox
26,The Intruder (2019),34207166,SGem
27,The Hustle,33195602,UAR
28,Cold Pursuit,32138862,LG/S
29,Dragon Ball Super: Broly,30712119,FUN
30,Long Shot,29929693,LG/S
31,Happy Death Day 2U,28051045,Uni.
32,Rocketman,25000000,Par.
33,Fighting with My Family,22958583,MGM
34,Hellboy (2019),21903748,LG/S
35,Uglydolls,19577197,STX
36,A Dog's Journey,18764470,Uni.
37,Ma (2019),18260000,Uni.
38,Unplanned,18096020,PFR
39,The Kid Who Would be King,16790790,Fox
40,Missing Link,16591303,UAR
41,Miss Bala,15006824,Sony
42,The Prodigy,14856291,Orion
43,Booksmart,14366831,UAR
44,Brightburn,14212552,SGem
45,Poms,13196166,STX
46,After (2019),12137018,Aviron
47,Greta,10519425,Focus
48,The Best of Enemies,10205616,STX
49,Hotel Mumbai,9635910,BST
50,No Manches Frida 2,9270920,PNT
51,Apollo 11,8754844,Neon
52,Serenity (2019),8547045,Aviron
53,Penguins (Disneynature),7591753,BV
54,Run the Race,6424420,RAtt.
55,Captive State,5958315,Focus
56,The Wandering Earth,5875487,CMC
57,Gloria Bell,5611123,A24
58,Gully Boy,5566534,VPD
59,The Mustang,5043620,Focus
60,The Sun Is Also a Star,4902382,WB
61,Tolkien,4433779,FoxS
62,Uri: The Surgical Strike,4186168,PackYourBag
63,Replicas,4046429,ENTMP
64,The Oscar Nominated Short Films 2019,3531094,Shrts.
65,BTS World Tour: Love Yourself in Seoul,3509917,Fathom
66,The Beach Bum,3487204,Neon
67,Kalank,2729336,FIP
68,Everybody Knows,2660165,Focus
69,Arctic,2410795,BST
70,Gone with the Wind (80th Anniversary),2176120,Fathom
71,Total Dhamaal,2167632,FIP
72,The Wizard of Oz 80th Anniversary,2076020,Fathom
73,Badla,1861000,Relbig.
74,Biggest Little Farm,1825163,Neon
75,The Aftermath,1618497,FoxS
76,Extreme Job,1565885,CJ
77,The White Crow,1521333,SPC
78,The Kid (2019),1508593,LGF
79,Red Joan,1501784,IFC
80,El Chicano,1400603,Briarcliff
81,The Pilgrim's Progress,1294596,Fathom
82,Asterix: The Secret of the Magic Potion,1271953,EOne
83,High Life,1225852,A24
84,Kingdom Men Rising,1188936,Fathom
85,Los Domirrique?os 2,1187280,Spanglish
86,Ek Ladki Ko Dekha Toh Aisa Laga,1182636,FIP
87,Luka Chuppi,1042905,VPD
88,NOAH The Musical,1035603,Fathom
89,Perfect Strangers,1014507,PNT
90,Howl's Moving Castle: 15th Anniverary - Studio Ghibli (2019),865647,Fathom
91,TCM: Steel Magnolias 30th Anniversary,855421,Fathom
92,Woman at War,833186,Magn.
93,Climax,817339,A24
94,Transit,809111,MBox
95,Chonda Pierce: Unashamed,787979,Fathom
96,Student of the Year 2,778566,FIP
97,Patterns of Evidence: The Moses Controversy,765361,Fathom
98,JONI 75: A Birthday Celebration,752205,Trafalgar
99,More than Blue,722669,CL
100,Dirty Dancing (Fathom Event),622968,Fathom
101,The Least of These: The Graham Staines Story,607015,Fathom
102,Furie,594788,WGUSA
103,TCM: To Kill a Mockingbird,592237,Fathom
104,The Chaperone (2019),585858,PBS
105,The Public,564174,Greenwich
106,TCM: My Fair Lady 55th Anniversary,560711,Fathom
107,Code Geass: Lelouch of the Resurrection,522805,FUN
108,Birds of Passage,507259,Orch.
109,Nausicaa of the Valley of the Wind: 35th Anniversary,495770,Fathom
110,Wild Nights With Emily,495325,Greenwich
111,The Church,475524,Indic.
112,All Is True,469770,SPC
113,The Souvenir,465766,A24
114,The Russian Five,464656,Lucky Hat
115,Non-Fiction,462987,IFC
116,CatVideoFest 2019,454030,Osci.
117,Cruel Intentions (20th Anniversary),445218,Sony
118,Teen Spirit,441366,BST
119,De De Pyaar De,425934,Yash
120,Ben-Hur (60th Anniversary),422622,Fathom
121,Shadow,422568,WGUSA
122,Fate/Stay Night: Heaven's Feel - II. Lost Butterfly,420595,Fathom
123,The Cold Blue,420177,Fathom
124,Ash is Purest White,415955,Cohen
125,The Invisibles,407373,Greenwich
126,Mia and the White Lion,399471,Ledafilms
127,Long Day's Journey Into Night (2019),397364,KL
128,Hail Satan?,391832,Magn.
129,The Wedding Guest,386166,IFC
130,What We Left Behind: Looking Back At Star Trek: Deep Space 9,382457,Fathom
131,The Man Who Killed Don Quixote,376005,Scre.
132,The Hummingbird Project,371784,Orch.
133,Diane,336166,IFC
134,A Silent Voice (2019 re-release),333984,Fathom
135,Errol Spence vs. Mikey Garcia,328979,Fathom
136,P Storm,326711,CMC
137,Josh Groban Bridges from Madison Square Garden,315173,Trafalgar
138,Bolshoi Ballet: Sleeping Beauty (2019),311368,Fathom
139,Photograph,306536,Amazon
140,Junglee,295784,VPD
141,Stockholm,292590,SG
142,Saga of Tanya the Evil: The Movie,288460,Fathom
143,Khalid: Free Spirit,284229,Trafalgar
144,RiffTrax Live: Octaman,280710,Fathom
145,I Want to Eat Your Pancreas,277019,Fathom
146,TCM: True Grit 50th Anniversary,276418,Fathom
147,Ask Dr. Ruth,271735,Magn.
148,Echo in the Canyon,260480,Greenwich
149,Mobile Suit Gundam NT (Narrative),259224,Fathom
150,Her Smell,255599,G&S
151,Lords of Chaos,253184,G&S
152,Canal Street,251917,SG
153,311 Enlarged to Show Detail 3,238791,Trafalgar
154,Romeo Akbar Walter,236299,Eros
155,Canelo vs. Jacobs,230703,Fathom
156,Karate Kid (35th Anniversary),215447,Fathom
157,Master Z: Ip Man Legacy,209454,WGUSA
158,"Faith, Hope & Love",207951,AAE
159,Bolshoi Ballet: Carmen/Petrushka (2019),207523,Fathom
160,The Iron Orchard,204881,Santa Rita
161,Family (2019),194601,TFA
162,Meeting Gorbachev,192064,1091
163,42nd Street: The Musical,187440,Fathom
164,To Dust,184495,Good Deed
165,Giant Little Ones,181507,VE
166,"Modest Heroes: Ponoc Short Films Theatre, Vol 1",178027,Fathom
167,Hesburgh,177207,O'Malley
168,Bolshoi Ballet: The Golden Age (2019),171916,Fathom
169,"Asbury Park: Riot, Redemption, Rock & Roll",167684,Trafalgar
170,Bright Ones,165627,Fathom
171,Sunset (2019),164906,SPC
172,Monty Python's Life of Brian (40th Anniversary),161507,Trafalgar
173,"Diana Ross: Her Life, Love And Legacy",160968,Fathom
174,Batman (1989) 30th Anniversary,159419,Fathom
175,Money (2019),155732,CJ
176,Peterloo,151971,Amazon
177,Little Woods,150010,Neon
178,India's Most Wanted,149905,FIP
179,Trial by Fire,148504,RAtt.
180,Doctor Who: Logopolis,143248,Fathom
181,Play the Flute,140431,5&2
182,Who Will Write Our History,138039,Abr.
183,Okko's Inn,134787,GK
184,Palau The Movie,134696,Trafalgar
185,Made In Abyss: Journey's Dawn,134047,Fathom
186,Peppa Celebrates Chinese New Year,131225,STX
187,The River and the Wall,126772,Grav.
188,Mary Magdalene,124741,IFC
189,Avant qu'on explose,119894,EOne
190,"Ruben Brandt, Collector",117963,SPC
191,Mob Psycho 100 - Season 2 Premiere,115766,Fathom
192,A Tuba to Cuba,114876,Blue Fox
193,Police Story and Police Story 2,113164,Jan.
194,Rafiki,112811,FM
195,The Brink,106057,Magn.
196,"Belle and Sebastian, Friends for Life",105890,EOne
197,War and Peace (2019 re-release),105679,Jan.
198,Mojin: The Worm Valley,101516,WGUSA
199,Wonders of the Sea 3D,100780,Fathom
200,Babylon (2019 re-release),95906,KL
201,The Image Book,94153,KL
202,Always Miss You,91884,CL
203,Dogman,91292,Magn.
204,Mapplethorpe,91002,Gold.
205,The Crossing,90896,CMC
206,Iyengar,88763,KL
207,Sonchiriya,86765,PackYourBag
208,Cyrano de Bergerac presented by Com?die-Fran?aise,86300,Fathom
209,Ramen Shop,82758,Strand
210,Saint Judy,78935,Blue Fox
211,Fast Color,76916,LGF
212,Triple Threat,76289,WGUSA
213,The Heiresses,75712,Distrib.
214,Savage,74491,WGUSA
215,Cliffs of Freedom,72476,Round Hill
216,Storm Boy,71760,Good Deed
217,Batman Returns (Event),70642,Fathom
218,Styx,70300,FM
219,3 Faces,70035,KL
220,Working Woman,58834,Zeit.
221,Lost & Found,56802,HyperFilm
222,The Tomorrow Man,55009,BST
223,Sauvage / Wild,54210,Strand
224,Walking on Water,54025,KL
"Be Natural: The Untold Story of Alice Guy-Blach?,Zeit.",<blank>,54003.00,225
226,Miss & Mrs. Cops,50282,CJ
227,The Bounty Killer,48815,Indic.
228,Under the Silver Lake,46083,A24
229,Christ Stopped at Eboli (re-release),45996,Rialto
230,Mayday Life,45000,CL
231,What Is Democracy?,44536,Zeit.
232,Maze (2019),44381,Lightyear
233,High on the Hog,43276,Indic.
234,The Silence of Others,42610,Argo.
235,Carmine Street Guitars,41467,Abr.
236,Charlie Says,40685,IFC
237,Slut in a Good Way,40513,ComDyn
238,The Spy Behind Home Plate,38403,Ciesla
239,Aniara,38342,Magn.
240,Batman Forever (Fathom Event),38014,Fathom
241,Halston,36505,Orch.
242,Diamantino,36388,KL
243,The Sower,36233,FM
244,Yardie,36012,Rialto
245,He Matado a mi Marido!,35614,Ham
246,The Wild Pear Tree,32850,CGld
247,An Elephant Sitting Still,32556,KS
248,Knife+Heart,32516,AI
249,An Acceptable Loss,32427,IFC
250,Sorry Angel,30628,Strand
251,La Religieuse (2018 re-release),30245,Rialto
252,Batman and Robin (Fathom Event),28597,Fathom
253,The Wind,28252,IFC
254,Wrestle,26597,Osci.
255,Donnybrook,26284,IFC
256,The Lumber Baron,26180,Indic.
257,The Third Wife,26049,FM
258,Hotel by the River,25578,CGld
259,The Final Wish,25183,Fathom
260,Shed of the Dead,24744,Indic.
261,Last Year at Marienbad (2019 re-release),24237,Jan.
262,Buddy (2019),22784,Ghop
263,Woodstock: Three Days That Defined a Generation,22142,PBS
264,The Hole in the Ground,21072,A24
265,The Gospel of Eureka,20039,KL
266,Girls of the Sun,19712,Cohen
267,The Proposal (2019),19620,Osci.
268,Pasolini,19471,KL
269,Out of Blue,18779,IFC
270,Black Mother,18542,Ghop
271,Bauhaus Spirit,17122,Icar.
272,Joseph Pulitzer: Voice of the People,16970,FRun
273,Virginia Minnesota,16118,Indic.
274,Piercing,15856,Greenwich
275,Starfish,15849,Yellow Veil
276,Zilla and Zoe,15341,Indic.
277,My Son,14450,Cohen
278,Combat Obscura,14242,Osci.
279,Screwball,13967,Greenwich
280,"Phoenix, Oregon",13809,Joma
281,Touch Me Not,13782,KL
282,Hagazussa,13253,DR
283,Off Season,12544,Indic.
284,Quartet (2019 re-release),12042,Cohen
285,In Like Flynn,11255,Blue Fox
286,Ferrante Fever,11137,Greenwich
287,If the Dancer Dances,10912,MR
288,Made Me Do It,10759,Indic.
289,Daughter of Mine,10628,Strand
290,The Eyes of Orson Welles,10253,Jan.
291,Zen for Nothing,9756,Zeit.
292,The Aspern Papers,9277,Cohen
293,Bricked,9045,Gathr
294,Suburban Birds,8883,CGld
295,Meanest Man in Texas,8850,Ammo
296,Asako I & II,8231,Ghop
297,This Magnificent Cake!,7888,GK
298,King of Thieves,7518,Saban
299,"Leaving Home, Coming Home: A Portrait of Robert Frank",7014,Greenwich
300,"Frantz Fanon: Black Skin, White Mask",6859,FM
301,Grass (2019),6740,CGld
302,Under the Eiffel Tower,6291,Orch.
303,Patrick,6290,INDEP
304,Chokehold,5200,Ammo
305,Body at Brighton Rock,5123,Magn.
306,Malek,4898,EOne
307,Relaxer,4723,Osci.
308,Slaughterhouse Rulez,4665,Sony
309,Sgt. Will Gardner,4405,Cdgm.
310,Tito and the Birds,4332,Shout!
311,State Like Sleep,4282,Orch.
312,Mother of a Day,3919,Smb.
313,The Fate of Lee Khan (2019 re-release),3813,FM
314,Ploey,3771,VPD
315,Rottentail,3383,Ammo
316,Chasing Portraits,3076,FRun
317,The Garden (2019 re-release),2748,KL
318,The Spanish Prisoner (2019 re-release),2679,Ammo
319,Iceman (2019),2138,FM
320,Jihadists,2104,CLS
321,The Hours and Times (2019 re-release),1273,Osci.
322,The Untold Story,790,Ammo
323,Tall Tales from the Magical Garden of Antoon Krings,220,VPD
324,Black Panther,700059566,BV
325,Avengers: Infinity War,678815482,BV
326,Incredibles 2,608581744,BV
327,Jurassic World: Fallen Kingdom,417719760,Uni.
328,Aquaman,335061807,WB
329,Deadpool 2,318491426,Fox
330,Dr. Seuss' The Grinch (2018),270620950,Uni.
331,Mission: Impossible - Fallout,220159104,Par.
332,Ant-Man and the Wasp,216648740,BV
333,Bohemian Rhapsody,216428042,Fox
334,A Star is Born (2018),215288866,WB
335,Solo: A Star Wars Story,213767512,BV
336,Venom (2018),213515506,Sony
337,Ralph Breaks the Internet,201091711,BV
338,Spider-Man: Into The Spider-Verse,190241310,Sony
339,A Quiet Place,188024361,Par.
340,Crazy Rich Asians,174532921,WB
341,Mary Poppins Returns,171958438,BV
342,Hotel Transylvania 3: Summer Vacation,167510016,Sony
343,Fantastic Beasts: The Crimes of Grindelwald,159555901,WB
344,Halloween (2018),159342015,Uni.
345,The Meg,145443742,WB
346,Ocean's 8,140218711,WB
347,Ready Player One,137690172,WB
348,Bumblebee,127195589,Par.
349,Mamma Mia! Here We Go Again,120634935,Uni.
350,The Nun,117450119,WB (NL)
351,Creed II,115715889,MGM
352,Peter Rabbit,115253424,Sony
353,The Mule,103804407,WB
354,The Equalizer 2,102084362,Sony
355,Rampage (2018),101028233,WB (NL)
356,A Wrinkle in Time,100478608,BV
357,Fifty Shades Freed,100407760,Uni.
358,Disney's Christopher Robin,99215042,BV
359,Green Book,85080171,Uni.
360,I Can Only Imagine,83482352,RAtt.
361,Smallfoot,83240103,WB
362,Night School (2018),77339130,Uni.
363,The First Purge,69488745,Uni.
364,Game Night,69179066,WB (NL)
365,Book Club,68566296,Par.
366,The House With A Clock In Its Walls,68549695,Uni.
367,Skyscraper,68420120,Uni.
368,Insidious: The Last Key,67745330,Uni.
369,Instant Family,67363237,Par.
370,Blockers,60311495,Uni.
371,Pacific Rim Uprising,59874525,Uni.
372,Tomb Raider,58250803,WB
373,Maze Runner: The Death Cure,58032443,Fox
374,The Nutcracker and the Four Realms,54858851,BV
375,Tag,54730625,WB (NL)
376,A Simple Favor,53548586,LGF
377,Life of the Party,53059911,WB (NL)
378,The Predator (2018),51024708,Fox
379,Overboard (2018),50316123,PNT
380,Sicario: Day of the Soldado,50072235,Sony
381,BlacKkKlansman,49275340,Focus
382,I Feel Pretty,48795601,STX
383,Vice,47836282,Annapurna
384,Red Sparrow,46874505,Fox
385,Breaking In (2018),46840590,Uni.
386,Goosebumps 2: Haunted Halloween,46700633,Sony
387,12 Strong,45819713,WB
388,Den of Thieves,44947622,STX
389,First Man,44936545,Uni.
390,Hereditary,44069456,A24
391,Tyler Perry's Acrimony,43549096,LGF
392,Sherlock Gnomes,43242871,Par.
393,Uncle Drew,42469946,LG/S
394,Widows,42402632,Fox
395,Truth or Dare,41411015,Uni.
396,Paddington 2,40891591,WB
397,"Love, Simon",40826341,Fox
398,Second Act,39282227,STX
399,The Commuter,36343858,LGF
400,The 15:17 to Paris,36276286,WB
401,Mile 22,36108758,STX
402,Alpha,35857181,Studio 8
403,Peppermint,35418723,STX
404,The Favourite,34366783,FoxS
405,Death Wish (2018),34017028,MGM
406,The Spy Who Dumped Me,33562069,LGF
407,Annihilation,32732301,Par.
408,Isle Of Dogs,32015231,FoxS
409,Nobody's Fool,31713110,Par.
410,Adrift,31445012,STX
411,Robin Hood (2018),30824628,LG/S
412,Super Troopers 2,30617396,Fox
413,Holmes and Watson,30573626,Sony
414,Slender Man,30569484,SGem
415,Teen Titans Go! To The Movies,29790236,WB
416,The Hate U Give,29719483,Fox
417,Searching,26020957,SGem
418,Winchester,25091816,LGF
419,On the Basis of Sex,24622687,Focus
420,Strangers: Prey at Night,24586708,Aviron
421,White Boy Rick,24011188,Studio 8
422,Won't You Be My Neighbor?,22835787,Focus
423,Overlord,21704844,Par.
424,Proud Mary,20877013,SGem
425,The Happytime Murders,20706452,STX
426,Superfly,20545116,Sony
427,They Shall Not Grow Old,17956913,WB
428,Show Dogs,17857020,Global Road
429,Bad Times At The El Royale,17839115,Fox
430,Operation Finale,17612099,MGM
431,"Paul, Apostle of Christ",17560475,Affirm
432,Free Solo,17541090,NGE
433,Sorry to Bother You,17493096,Annapurna
434,Chappaquiddick,17395520,ENTMP
435,Mary Queen of Scots,16468499,Focus
436,Forever My Girl,16376066,RAtt.
437,Mortal Engines,15951040,Uni.
438,Hunter Killer,15767460,LG/S
439,If Beale Street Could Talk,14915773,Annapurna
440,The Girl in the Spider's Web: A New Dragon Tattoo Story,14841338,Sony
441,The Possession of Hannah Grace,14837422,SGem
442,RBG,14017361,Magn.
443,Eighth Grade,13539709,A24
444,The Darkest Minds,12695691,Fox
445,Three Identical Strangers,12320845,Neon
446,Upgrade,11977130,BH Tilt
447,Padmaavat,11846060,VPD
448,The Old Man & the Gun,11277120,FoxS
449,Hell Fest,11107431,LGF
450,Welcome to Marwen,10763520,Uni.
451,The Miracle Season,10230620,Mirr/LD
452,The Wife,9601092,SPC
453,Midnight Sun,9561064,Global Road
454,Tully (2018),9369755,Focus
455,Traffik,9186156,LGF
456,Unfriended: Dark Web,8866745,BH Tilt
457,Can You Ever Forgive Me?,8803865,FoxS
458,Early Man,8267544,LGF
459,The Death of Stalin,8047856,IFC
460,Sanju,7909317,FIP
461,Unsane,7732899,BST
462,Beautiful Boy (2018),7649973,Amazon
463,Mid90s,7362439,A24
464,Dog Days (2018),6809080,LD
465,Boy Erased,6788692,Focus
466,Hotel Artemis,6708147,Global Road
467,A.X.L.,6501381,Global Road
468,Fahrenheit 11/9,6352306,Briarcliff
469,Unbroken: Path to Redemption,6216897,PFR
470,The Hurricane Heist,6115825,ENTMP
471,Every Day (2018),6102076,Orion
472,Once Upon a Deadpool,6100309,Fox
473,Leave No Trace,6046104,BST
474,Death of a Nation,5885881,QF
475,Pandas,5757906,WB
476,My Hero Academia: Two Heroes,5754556,FUN
477,God's Not Dead: A Light in Darkness,5728940,PFR
478,Kin,5718096,LGF
479,Stan & Ollie,5470235,SPC
480,Colette,5137622,BST
481,Simmba,5102129,Relbig.
482,Action Point,5059608,Par.
483,Beirut,5019226,BST
484,Gringo,4969853,STX
485,Samson,4719928,PFR
486,Cold War (2018),4580048,Amazon
487,Johnny English Strikes Again,4412170,Uni.
488,Gotti,4343227,VE
489,Blindspotting,4333394,LG/S
490,Amazing Grace (2019),4212127,Neon
491,Burn the Stage: The Movie,4201819,Trafalgar
492,Ya Veremos,4165949,PNT
493,2,4152000,N/A
494,Life Itself (2018),4102648,Amazon
495,Sgt. Stubby: An American Hero,4015935,FunAcad
496,Ben is Back,3703184,RAtt.
497,Gosnell: The Trial of America's Biggest Serial Killer,3679893,GVN
498,Indivisible,3511417,PFR
499,The Oscar Nominated Short Films 2018,3508777,Shrts.
500,Disobedience,3498782,BST
501,First Reformed,3448256,A24
502,"Juliet, Naked",3444895,RAtt.
503,Bad Samaritan,3435047,Electric
504,7 Days in Entebbe,3326885,Focus
505,Shoplifters,3313513,Magn.
506,2001: A Space Odyssey (2018 re-release),3236321,WB
507,The Sisters Brothers,3143056,Annapurna
508,Thoroughbreds,3072605,Focus
509,Whitney,3026351,RAtt.
510,Rachel Hollis Presents: Made for More,2999134,Fathom
511,American Animals,2856954,Orch.
512,God Bless the Broken Road,2846257,Free
513,La Boda de Valentina,2783739,PNT
514,The Fall of the American Empire,2736093,EOne
515,Bharat Ane Nenu,2663090,GrtIndia
516,Qu? Le?n (What A Lion),2607916,Spanglish
517,You Were Never Really Here,2528078,Amazon
518,Suspiria,2483472,Amazon
519,The Rider,2419031,SPC
520,Mary and the Witch's Flower,2418404,GK
521,Hearts Beat Loud,2386251,G&S
522,1991,2342264,EOne
523,Papillon (2018),2335896,BST
524,At Eternity's Gate,2294915,CBS
525,Puzzle,2032018,SPC
526,Met Opera: Tosca,2023749,Fathom
527,A Fantastic Woman,2020988,SPC
528,Pope Francis - A Man of His Word,2008385,Focus
529,Assassination Nation,2005142,Neon
530,The Front Runner,2000105,Sony
531,Detective Chinatown 2,1983984,WB
532,Indian Horse,1893758,Elevation
533,MET Opera: La Traviata,1882931,Fathom
534,Racetime,1875283,EOne
535,Moses,1807117,Fathom
536,Met Opera: La Boh?me (2018),1764201,Fathom
537,Race 3,1690861,Yash
538,Pad Man,1670192,Sony
539,Capernaum,1661096,SPC
540,A Private War,1633208,Aviron
541,MET Opera: Aida,1595902,Fathom
542,The Bookshop,1588150,Greenwich
543,Operation Red Sea,1543547,WGUSA
544,Destroyer,1533324,Annapurna
545,Thugs of Hindostan,1449848,Yash
546,Don't Worry He Won't Get Far on Foot,1441705,Amazon
547,Princess Mononoke - Studio Ghibli (2018),1423877,Fathom
548,Finding Your Feet,1418682,RAtt.
549,Little Women (2018),1379497,Pinnacle
550,102 Not Out,1343797,Sony
551,Baaghi 2,1319579,FIP
552,Never Look Away,1303198,SPC
553,The Metropolitan Opera: Cosi Fan Tutte (2018),1302949,Fathom
554,Maria by Callas,1267301,SPC
555,McQueen,1257275,BST
556,The Seagull,1252960,SPC
557,Met Opera: Cendrillon,1243306,Fathom
558,Mandy,1214525,RLJ
559,Grease (40th Anniversary),1213413,Fathom
560,Beautifully Broken,1208925,AAE
561,An Interview with God,1201434,Fathom
562,Along with the Gods: The Last 49 Days,1200246,WGUSA
563,MET Opera: Samson Et Dalila,1195758,Fathom
564,Andhadhun,1193046,Eros
565,Spirited Away - Studio Ghibli Fest 2018,1175067,Fathom
566,The Metropolitan Opera: Luisa Miller,1166858,Fathom
567,Lean on Pete,1163056,A24
568,My Neighbor Totoro - Studio Ghibli Fest 2018,1144649,Fathom
569,Met Opera: L'Elisir d'Amore (2018),1115018,Fathom
570,Wildlife,1050616,IFC
571,The Dark Crystal (special re-release),1036956,Fathom
572,Zero,1035388,Yash
573,Met Opera: Semiramide,1033651,Fathom
574,MET Opera: La Fanciulla Del West,1023233,Fathom
575,Nothing to Lose (2018),1016188,Swen
576,Elvis: '68 Comeback Special (2018 release),1010657,Fathom
577,Raid (2018),1010385,Eros
578,The Insult,1001305,Cohen
579,Labyrinth (2018 Fathom Event),993336,Fathom
580,Yellow Submarine (2018 re-release),992305,Abr.
581,Little Italy,990230,EOne
582,The Dawn Wall (Fathom),970032,Fathom
583,TCM: White Christmas,928298,Fathom
584,Kirk Cameron: Connect,918127,Fathom
585,The Miseducation of Cameron Post,904703,FR
586,Kedarnath,901131,PackYourBag
587,Let the Sunshine In,892421,IFC
588,Tea with the Dames,889343,IFC
589,The Cakemaker,875751,Strand
590,MET Opera: Marnie,849710,Fathom
591,Bandstand: The Broadway Musical,839554,Fathom
592,Schindler's List (2018 re-release),833050,Uni.
593,Like Arrows,817990,Fathom
594,Mirai,812794,GK
595,Beast,800365,RAtt.
596,Sui Dhaaga - Made in India,790628,Yash
597,Pokemon the Movie: The Power of Us,789170,Fathom
598,Border,771930,Neon
599,The Party (2017),749827,RAtt.
600,How Long Will I Love U,746933,WGUSA
601,On Chesil Beach,745971,BST
602,The Polar Express (2018 re-release),731018,WB
603,Vox Lux,727119,Neon
604,The Catcher Was a Spy,725223,IFC
605,Burning,718991,WGUSA
606,The Little Stranger,713143,Focus
607,Canelo vs. GGG 2,707875,Fathom
608,Monster Hunt 2,706153,LGF
609,Blaze (2018),704955,IFC
610,Boundaries,703438,SPC
611,Jim Henson's Holiday Special with Fraggle Rock and Emmet Otter,695130,Fathom
612,The Trump Prophecy,671198,Fathom
613,The Island (2018),670883,WGUSA
614,Dragon Ball Z: Broly - The Legendary Super Saiyan (2018 re-release),658982,Fathom
615,Ponyo (10th Anniversary) - Studio Ghibli Fest 2018,653072,Fathom
616,Lizzie,642157,RAtt.
617,"Love, Gilda",626318,Magn.
618,Transformers: The Movie (2018 re-release),619597,Fathom
619,Foxtrot,618883,SPC
620,The Sound of Music (2018 re-release),616171,Fathom
621,Itzhak,607290,Greenwich
622,Survival Sunday: The Walking Dead/Fear the Walking Dead,605764,Fathom
623,"DCI 2018: Big, Loud & Live 15",603320,Fathom
624,The Grateful Dead Meet Up 2018,600554,Fathom
625,The Big Lebowski (20th Anniversary),582585,Fathom
626,Pick of the Litter,578717,IFC
627,Manmarziyaan,567417,Eros
628,Loveless (2018),566356,SPC
629,The Cat Returns - Studio Ghibli Fest 2018,563718,Fathom
630,A Cool Fish,551876,CL
631,Tommy Wiseau's The Room,549602,Fathom
632,The Children Act,547750,A24
633,Anna and the Apocalypse,545597,Orion
634,Dragon Ball Z: Saiyan Double Feature,540707,Fathom
635,Fireworks (2018),525280,GK
636,Castle in the Sky - Studio Ghibli Fest 2018,523664,Fathom
637,Grave of the Fireflies - Studio Ghibli Fest 2018,516962,Fathom
638,The Sandlot (25th Anniversary),516130,Fathom
639,Beetlejuice (30th Anniversary),512947,WB
640,Bullitt 50th Anniversary,511350,Fathom
641,TCM: Die Hard 30th Anniversary Event,510241,Fathom
642,The Spy Gone North,500803,CJ
643,Monsters and Men,500101,Neon
644,Bilal: A New Breed of Hero,490973,VE
645,The Great Battle,472166,WGUSA
646,The Happy Prince,466440,SPC
647,Puffs: Filmed Live Off Broadway,464483,Fathom
648,Final Portrait,461972,SPC
649,Scotty and the Secret History of Hollywood,461689,Greenwich
650,South Pacific (60th Anniversary),458000,Fathom
651,Condorito: La Pelicula,447719,LGF
652,Perfect Blue (2018 re-release),446062,GK
653,Porco Rosso - Studio Ghibli Fest 2018,443059,Fathom
654,Elf (15th Anniversary),442073,WB
655,DCI 2018: Tour Premiere,434008,Fathom
656,The Shining (2018 re-issue),421572,WB
657,NT LIVE: FRANKENSTEIN Cumberbatch as Creature,417783,Fathom
658,Cirque du Soleil: KURIOS - Cabinet Of Curiosities,413039,Fathom
659,Bag of Marbles,411318,Gaum.
660,"Night Is Short, Walk On Girl",406490,GK
661,The Philadelphia Story (2018 re-release),404524,Fathom
662,The Oath (2018),401463,RAtt.
663,We the Animals,400961,Orch.
"The Gospel According to Andr?,Magn.",<blank>,400713.00,664
665,Leaning Into The Wind,400530,Magn.
666,TCM: West Side Story,398670,Fathom
667,RiffTrax Live: Space Mutiny,397887,Fathom
668,RiffTrax Live: Krull,397157,Fathom
669,Vertigo (60th Anniversary),394212,Fathom
670,Soorma,390077,Sony
671,Attack on Titan Season 3,377334,FUN
672,The Dark Knight (10th Anniversary),375589,WB
673,Oh Lucy!,375391,FM
674,Grace Jones: Bloodlight and Bami,375208,KL
675,Jurassic Park (25th Anniversary),374238,Fathom
676,Pom Poko - Studio Ghibli Fest 2018,372405,Fathom
677,Believer,365639,WGUSA
678,Mountain,365412,Greenwich
679,Kusama: Infinity,360931,Magn.
680,The Wizard of Oz (2018 re-issue),351839,WB
681,Suicide: The Ripple Effect,347468,Gathr
682,Sailor Moon R & S - The Movies,335697,Fathom
683,Russ Taff: I Still Believe,334983,Fathom
684,Shine (2018),333388,GVN
685,Hichki,330279,Yash
686,Flower,328188,Orch.
687,Bolshoi Ballet: The Nutcracker,323928,Fathom
688,The Opera House,320079,Fathom
689,The Riot and the Dance,316103,Fathom
690,Bolshoi Ballet 2017/2018: Romeo and Juliet,313088,Fathom
691,MET Opera: Magic Flute,307686,Fathom
692,Damsel,305136,Magn.
693,Wilder vs Fury,304482,Fathom
694,Bolshoi Ballet 2017/2018: Giselle,302681,Fathom
695,Sunset Boulevard (2018 re-release),299645,Fathom
696,Harry Potter & the Sorcerer's Stone (2018 re-release),295917,WB
697,More Than Funny: Everybody Has a Punchline,290498,Fathom
698,The Son of Bigfoot,289308,VPD
699,Andy Irons: Kissed by God,285933,Fathom
700,Golden Job,285795,WGUSA
701,But Deliver Us from Evil,285169,Indic.
702,Newsies: The Broadway Musical (2018 re-release),282429,Fathom
703,Science Fair,276195,NGE
704,Kings (2018),274635,Orch.
705,The Endless,272020,WGUSA
706,The World Before Your Feet,268644,Greenwich
707,Doctor Who: Genesis of the Daleks,264629,Fathom
708,Detective Dee: The Four Heavenly Kings,262963,WGUSA
709,Eating You Alive,260534,Fathom
710,What They Had,260136,BST
711,The King (2018),259291,Osci.
712,Across the Universe (2018 re-release),258618,Fathom
713,Big 30th Anniversary,258507,Fathom
714,Back to Burgundy,257610,MBox
715,London Fields,252676,GVN
716,Best F(r)iends Movie,252410,Fathom
717,Batti Gul Meter Chalu,249539,Eros
718,Harry Potter & the Chamber of Secrets (2018 re-release),245501,WB
719,The Fireflies are Gone,245006,EOne
720,RWBY Volume 6 Premiere,238379,Fathom
721,Generation Wealth,237709,Magn.
722,Alien Intrusion: Unmasking a Deception,237411,Fathom
723,Skate Kitchen,236799,Magn.
724,NT Live: Hamlet 2018 Encore,235229,Fathom
725,Superman 40th Anniversary,233585,Fathom
726,Sailor Moon SuperS - The Movie,231434,Fathom
727,Borg vs. McEnroe,231346,Neon
728,Matangi/Maya/M.I.A.,230808,Abr.
729,MFKZ,229423,GK
730,Swing Kids (2018),222001,WGUSA
731,Little Pink House,220948,Da.
732,Mazinger Z: INFINITY,220682,Fathom
733,Fragments of Truth,219342,Fathom
734,Harry Potter & the Prisoner of Azkaban (2018 re-release),218774,WB
735,Dark Money,217932,PBS
736,Getting Grace,217812,Hann.
737,The Producers (50th Anniversary),216807,Fathom
738,The Treasure of the Sierra Madre (70th anniversary),215295,Fathom
739,Agent Mr. Chan,208351,CL
740,The Dating Project,208100,Fathom
741,The Guilty,207140,Magn.
742,Default,203775,CJ
743,Keep the Change,202788,KL
744,Bolshoi Ballet 2017/2018: Coppelia,202217,Fathom
745,Zama,200600,Strand
746,Gemini,200340,Neon
747,Gauguin: Voyage to Tahiti,200140,Cohen
748,TCM: Rebel Without a Cause,199963,Fathom
749,Studio 54,199767,Zeit.
750,Jason Mraz: Have It All The Movie,197142,Atlantic Rec
751,Fate/Stay Night: Heaven's Feel - I. Presage Flower,193833,Fathom
752,The Final Year,191900,Magn.
753,Harry Potter & the Goblet of Fire (2018 re-release),188716,WB
754,Bolshoi Ballet: Don Quixote (2018),187946,Fathom
755,Never-Ending Man: Hayao Miyazaki,187320,GK
756,The Monkey King 3,187074,WGUSA
757,Goldbuster,186135,WGUSA
758,Summer 1993,185903,Osci.
759,Maquia: When the Promised Flower Blooms (Subtitled),185699,Elev.
760,Madeline's Madeline,185576,Osci.
761,NT Live: King Lear,185305,Fathom
762,Cobra Kai Premiere Event feat. The Karate Kid,185082,Fathom
763,Jane and Emma,184795,Excel
764,Karwaan,182009,PackYourBag
765,Harry Potter & the Deathly Hallows - Part 2 (2018 re-release),181938,WB
766,Last Letter,180946,CL
767,The Accidental Detective 2: In Action,179045,CJ
768,Buybust,178471,WGUSA
769,Batman: Mask of the Phantasm (25th Anniversary),178133,Fathom
770,The Guardians,177331,MBox
771,Bolshoi Ballet 2017/2018: The Flames of Paris,175922,Fathom
772,Always at the Carlyle,174251,Good Deed
773,Met Summer Encore: Turandot,172627,Fathom
774,Bolshoi Ballet: La Sylphide (2018),171177,Fathom
775,The House That Jack Built (Director's Cut),170113,IFC
776,Luis & the Aliens,169710,VPD
777,Bolshoi Ballet 2017/2018: The Lady of Camellias,167991,Fathom
778,Rampant,167937,WGUSA
779,Double Lover,167581,Cohen
780,Is Genesis History? (2018 re-release),166763,Fathom
781,Boom for Real: The Late Teenage Years of Jean-Michel Basquiat,166616,Magn.
782,Heading Home: The Tale of Team Israel,166117,Men.
783,Far from the Tree,166018,IFC
784,Journey's End,161796,Good Deed
785,The Samuel Project,161565,in8
786,NT LIVE: The Curious Incident of the Dog in the Night-Time (2018 Encore),160381,Fathom
787,Silencio,158723,Tulip
788,The Last Resort,158646,KL
789,Buttons: A New Musical Film,151983,Fathom
790,Eating Animals,149614,IFC
791,Ghost Stories,148747,IFC
792,Bad Reputation,148568,Magn.
793,Museo,148505,Vita.
794,Harry Potter & the Deathly Hallows - Part 1 (2018 re-release),148263,WB
795,Night of the Living Dead (50th Anniversary),147423,Fathom
796,The Little Mermaid (2018),147175,Conglomerate
797,TCM: Mr. Smith Goes to Washington,144738,Fathom
798,Best F(r)iends Volume Two,141524,Fathom
799,Harry Potter & the Order of the Phoenix (2018 re-release),132522,WB
800,Rudy (25th Anniversary),131200,Fathom
801,Harry Potter & the Half-Blood Prince (2018 re-release),130081,WB
802,Met Summer Encore: Madama Butterfly,129730,Fathom
803,Met Summer Encore: Eugene Onegin,129498,Fathom
804,Met Opera: Il Trovatore (2018),129393,Fathom
805,Support the Girls,129124,Magn.
806,Sleepless In Seattle 25th Anniversary,127281,Fathom
807,Monster Family,127259,VPD
808,The Young Karl Marx,125659,Orch.
809,Bel Canto,125569,Scre.
810,'85: The Greatest Team in Football History,124573,Fathom
811,Wings of Desire (2018 re-release),123830,Jan.
812,Yu-Gi-Oh! The Movie (2018 re-release),121688,Fathom
813,Love After Love,121098,IFC
814,Becoming Astrid,120486,MBox
815,Five Seasons: The Gardens of Piet Oudolf,119223,Argo.
816,Till the End of the World,118660,CL
817,The Great Buster: A Celebration,118344,Cohen
818,Bisbee '17,117470,4th Row
819,Ryuichi Sakamoto: Coda,117460,MUBI
820,George Takei's Allegiance (2018),117162,Fathom
821,Gonjiam: Haunted Asylum,115252,WGUSA
822,Mantra: Sounds into Silence,115013,Gathr
823,Nostalgia,114603,BST
824,Bodied,113956,Neon
825,HYMN - Sarah Brightman In Concert,113274,Fathom
826,A Boy. A Girl. A Dream.,112552,Gold.
827,Take Point,112386,CJ
828,"Hale County This Morning, This Evening",112282,CGld
829,The Dawn Wall,112191,Orch.
830,A Chance in the World - Premiere,112007,Fathom
831,The Negotiation,110986,CJ
832,Lu Over the Wall,109857,GK
833,El Angel,109608,Orch.
834,The Captain,109226,MBox
835,Mary Shelley,108900,IFC
836,In Between,107977,FM
837,NT Live: Julius Caesar,107057,Fathom
838,"Love, Cecil",106057,Zeit.
839,Airpocalypse,105678,CL
840,Never Heard,105271,Fathom
841,Sweet Country (2018),104297,Gold.
842,Namaste England,104079,Eros
843,Detective K: Secret of the Living Dead,104013,WGUSA
844,Memoir of War,103636,MBox
845,Happy Phirr Bhag Jayegi,103385,Eros
846,Filmworker,102609,KL
847,Ismael's Ghosts,102510,Magn.
848,Revenge (2018),102091,Neon
849,Andrei Rublev (re-release),102021,Jan.
850,Unstoppable (2018),101417,WGUSA
851,All About Nina,100335,Orch.
852,Meow Wolf: Origin Story,99488,Fathom
853,NT Live: Macbeth,97857,Fathom
854,Champion (2018),97472,WGUSA
855,GODSPEED The Race Across America,96690,Fathom
856,Golden Slumber,94450,CJ
857,Let the Corpses Tan,93409,KL
858,Reign of Judges: Title of Liberty - Concept Short,93224,Darin Southa
859,Bandstand: The Broadway Musical (2018),91000,Fathom
860,Madame,90979,Blue Fox
861,John McEnroe: In the Realm of Perfection,90964,Osci.
862,Running for Grace,89988,Blue Fox
863,NT Live: Cat on a Hot Tin Roof,89332,Fathom
864,The Third Murder,89315,FM
865,Bolshoi Ballet: Swan Lake,88905,Fathom
866,The House That Jack Built,87993,IFC
867,Goldstone,87639,Lightyear
868,The Price of Everything,87400,HBO
869,Lobster Cop,85693,CL
870,Big Brother,85624,WGUSA
871,How to Talk to Girls at Parties,84809,A24
872,Custody,83882,KL
873,NT Live: Antony & Cleopatra,83672,Fathom
874,Claire's Camera,83418,CGld
875,Blood Fest,82774,Fathom
876,Doctor Who: New Season Premiere,82698,Fathom
877,Godard Mon Amour,82264,Cohen
878,Yuri!!! on ICE Binge,81878,Fathom
879,Nancy (2018),80115,Gold.
880,En el Septimo Dia (On the Seventh Day),79887,CGld
881,Have a Nice Day,79393,Strand
882,The Princess and the Matchmaker,78900,CJ
883,The Boxcar Children: Surprise Island,78676,Fathom
884,Just a Breath Away,77987,EOne
885,Shock & Awe,77980,VE
886,93Queen,76056,Abr.
887,Mukkabaaz,75929,Eros
888,The Riot Act,75506,Hann.
889,Keys to the Heart,75134,CJ
890,Tehran Taboo,74758,KL
891,Above and Beyond: NASA's Journey to Tomorrow,74711,Fathom
892,After Auschwitz,73885,Passion Rive
893,Bye Bye Germany,73730,FM
894,The Last Suit,73548,OutF
895,"Nico, 1988",73304,Magn.
896,Helicopter Eela,71971,Eros
897,Namiya,70814,CL
898,The Fog (2018 re-release),70421,Rialto
899,Wastelander,70045,Indic.
900,Parchi,69431,ADC
901,Outside In,68492,Orch.
902,Chef Flynn,68407,KL
903,Where Hands Touch,67743,VE
904,Under the Tree,67596,Magn.
905,Making the Five Heartbeats,67415,Fathom
906,The Doctor from India,67136,Zeit.
907,3100: Run and Become,65524,Illumine
908,Beuys,65410,KL
909,Feng Shui (Myung Dang),64147,CJ
910,"Monrovia, Indiana",63944,Zipp.
911,Liz and the Blue Bird,63204,Elev.
912,The Gardener,62734,Grav.
913,Never Goin' Back,61271,A24
914,Viper Club,60607,RAtt.
915,Where is Kyra?,59717,Great Point
916,Bomb City,59329,Grav.
917,Digimon Adventure Tri. 4: Loss,59114,Fathom
918,"Westwood: Punk, Icon, Activist",58979,Greenwich
919,Horn From the Heart,58597,Abr.
920,A Kid Like Jake,58403,IFC
921,Cynthia,58177,Indic.
922,In Search of Greatness,58090,Art of Sport
923,Woman Walks Ahead,57528,A24
924,Black '47,57520,IFC
925,Bhavesh Joshi Superhero,57376,Eros
926,Ramen Heads,57345,FB
927,Django,56556,UTMW
928,American Dream: Detroit,55092,Fathom
929,Canelo vs Rocky,54916,Fathom
930,Digimon Adventure Tri. 6: Future,54324,Fathom
931,The Great Silence (2018 re-release),53074,FM
932,Twiceland,52874,CJ
933,Digimon Adventure Tri. 5: Coexistence,52339,Fathom
934,Before We Vanish,52087,Super
935,The Snowman Trek,51743,Fathom
936,Wanda (2018 re-release),51713,Jan.
937,I Am Not a Witch,50868,FM
938,Harry & Meghan - The Royal Wedding,50264,Fathom
939,Jumanji Movie Event,49381,Fathom
940,Hal,48698,Osci.
941,The China Hustle,48650,Magn.
942,350 Days - Legends. Champions. Survivors.,47526,Fathom
943,Bigger,46382,Free
944,Racer & the Jailbird,46337,Super
945,Summer in the Forest,45542,Abr.
946,Rodin,44261,Cohen
947,What Will People Say,44156,KL
948,Liyana,44045,Abr.
949,Garry Winogrand: All Things Are Photographable,44002,Greenwich
950,Hitler's Hollywood,43766,KL
951,Antonio Lopez 1970: Sex Fashion & Disco,43169,FM
952,First We Take Brooklyn,42812,ZP
953,A Ciambra,41934,IFC
954,Golden Exits,41888,VE
955,Western,41072,CGld
956,Humor Me,40099,Shout!
957,Submission,39985,Great Point
958,Mamma Mia! 10th Anniversary,39601,Fathom
959,Divide and Conquer: The Story of Roger Ailes,38510,Magn.
960,Araby,38399,Ghop
961,Gray Matter,38034,Indic.
962,The Heart of Nuba,37788,Abr.
963,Oolong Courtyard,37727,CL
964,Krystal,37516,Pala.
965,Girls vs Gangsters,37115,WGUSA
966,Return of the Hero,37108,Distrib.
967,Breath,37108,FR
968,Small Group,37058,Gathr
969,Searching for Ingmar Bergman,36686,Osci.
970,Mind Game (2017 re-release),36613,GK
971,A tous ceux qui ne me lisent pas,36506,EOne
972,"No Date, No Signature",36444,Distrib.
973,Le Corbeau (2018 re-issue),36089,Rialto
974,The House of Tomorrow,35821,Shout!
975,The Big Bad Fox and Other Tales,35787,GK
976,The Road Movie,35757,Osci.
977,PGS Intuition,35423,Gathr
978,That Summer,34556,IFC
979,24 Frames,34482,Jan.
980,Holy Hell (2018),34366,Indic.
981,Kuleana,33953,Gathr
982,Sollers Point,32608,Osci.
983,Goodland,32140,PDF
984,Moynihan,31970,FRun
985,Good Manners,31177,Distrib.
986,Poor Boy,31031,Indic.
987,Cold Water (2018 re-release),30209,Jan.
988,The Desert Bride,30110,Strand
989,Memories of Underdevelopment (2017 re-release),29647,Jan.
990,The Mercy,29538,Scre.
991,Charm City,29335,PBS
992,Restoring Tomorrow (Event),28556,Fathom
993,The Apparition (2018),28293,MBox
994,On Her Shoulders,28288,Osci.
995,Quai des Orfevres (2018 Re-issue),28013,Rialto
996,The Amendment,27961,Fathom
997,Senso (2018 re-release),27723,Rialto
998,The Cured,26630,IFC
999,Milford Graves Full Mantis,26566,CGld
1000,Belle de jour (2018 re-release),26331,Jan.
1001,The Charmer,26167,FM
1002,The Misandrists,26123,Cartilage
1003,Ridge Runners,26019,Indic.
1004,Jet Trash,26002,Indic.
1005,In the Intense Now,24955,Icar.
1006,Phoenix Wilder: And The Great Elephant Adventure,24844,Fathom
1007,The Day After,24746,CGld
1008,Swimming with Men,24708,IFC
1009,Life & Nothing More,24358,CFI
1010,Seven Years of Night,24281,CJ
1011,Elliot: The Littlest Reindeer,24262,Scre.
1012,Vazante,23884,MBox
1013,Death House,23833,Hann.
1014,Letter From Masanjia,23481,Ammo
1015,The Atomic Cafe (2018 re-release),22293,KL
1016,The Judge (2018),22257,IWF
1017,Winning Formula,22189,Indic.
1018,The Workshop,22061,Strand
1019,Loving Pablo,22017,Uni.
1020,The Female Brain,21786,IFC
1021,A Paris Education,21598,KL
1022,Half the Picture,21589,Grav.
1023,Primal Rage: The Bigfoot Reborn,21497,Fathom
1024,Tyrel,21456,Magn.
1025,Ganja & Hess (2018 re-release),21197,KL
1026,The Happys,21108,Indic.
1027,Ava,20940,Ghop
1028,Did You Wonder Who Fired the Gun?,20765,Ghop
1029,Tag Along: The Devil Fish,20726,CL
1030,Ice Dragon: The Legend of the Blue Daisies,20549,Fathom
1031,The Devil and Father Amorth,20449,Orch.
1032,Izzy Gets the Fuck Across Town,20208,Shout!
1033,Apocalypsis,20052,Indic.
1034,Eight Hours Don't Make a Day (2018 re-release),19987,Jan.
1035,"One Sings, the Other Doesn't",19919,Jan.
1036,Active Measures,19862,Super
1037,Freak Show,19696,IFC
1038,Who We are Now,19128,FR
1039,November (2018),19084,Osci.
1040,Anything,19037,Pala.
1041,Crime + Punishment,18644,IFC
1042,Mrs. Hyde,18627,Cartilage
1043,Maquia: When the Promised Flower Blooms (Dubbed),18539,Elev.
1044,Allegiance To Broadway (2018),18527,Fathom
1045,Desolation,18490,PDF
1046,Gabriel and the Mountain,18415,Strand
1047,306 Hollywood,18399,El Tigre
1048,Frank and Ava,17819,Hann.
1049,Marlina the Murderer in Four Acts,17788,Icar.
1050,King of Hearts (2018 re-release),17646,Cohen
1051,Chronicle of Anna Magdalena Bach,17527,Ghop
1052,A Bread Factory,17325,ITF
1053,Revival!,17252,TriCoast
1054,Haikara-San: Here Comes Miss Modern,16572,Elev.
1055,Detour (2018 re-release),16172,Jan.
1056,OUT on Stage,15623,Fathom
1057,Bob Le Flambeur (2017 re-release),15586,Rialto
1058,When You Read this Letter (2018 re-release),15552,Rialto
1059,Narcissister Organ Player,15334,FM
1060,Sicilian Ghost Story,15285,Strand
1061,People's Republic of Desire,15241,Tripod
1062,Trust Machine: The Story of Blockchain,14905,SingularDTV
1063,Prayer Before Dawn,14453,A24
1064,The Last Movie Star,14410,A24
1065,Chasing the Blues,14030,Ammo
1066,The Escape,14018,IFC
1067,Weed the People,13926,Abr.
1068,Here and Now,13892,AMBI
1069,Stavisky (2018 re-release),13793,Rialto
1070,The Boy Downstairs,13638,FR
1071,Un Traductor,13509,FM
1072,Shed Skin Papa,13331,CL
1073,Our Blood is Wine,13210,MBox
1074,Like Me,12965,KL
1075,How Victor 'The Garlic' Took Alexey 'The Stud' to the Nursing Home,12954,CARUSEL
1076,"Lou Andreas-Salom?, the Audacity to be Free",12875,CLS
1077,American Socialist: The Life & Times of Eugene Victor Debs,12609,FRun
1078,Of Fathers and Sons,12579,KL
1079,My Art,12554,FM
1080,American Chaos,12368,SPC
1081,Head Full of Honey,12350,WB
1082,Let Yourself Go,12189,Men.
1083,The Most Unknown,12119,Abr.
1084,Minding the Gap,11998,Magn.
1085,The Last Race,11947,Magn.
1086,Les Parents Terribles (2018 re-release),11818,Cohen
1087,Summer '03,11746,Blue Fox
1088,Hannah (2018),11700,PDF
1089,This is Our Land,11567,Distrib.
1090,Souvenir,11411,Strand
1091,Rendezvous in July (2018 re-release),11321,Rialto
1092,The Public Image is Rotten,11293,Abr.
1093,Bullitt County,11257,Mr. Pictures
1094,The Assassin's Code,11218,Grav.
1095,The Wedding Party 2: Destination Dubai,11140,IronFlix
1096,Class Rank,10452,Cdgm.
1097,Mama Africa Miriam Makeba,10430,Artma
1098,The Advocates,10402,CLS
1099,Around India with a Movie Camera,10389,Icar.
1100,Heavy Trip,10153,MBox
1101,Time Freak,10003,Grindstone
1102,Furious (Legend of Kolovrat),9996,CARUSEL
1103,The Owl's Legacy,9981,Icar.
1104,River Runs Red,9893,Cdgm.
1105,Please Stand By,9868,Magn.
1106,The Quest of Alain Ducasse,9627,Magn.
1107,Strangers on the Earth,9518,FRun
1108,El Mar La Mar,9065,CGld
1109,Step Up: High Water Premiere,9005,Fathom
1110,Zoo Wars,8998,PDF
1111,Survivors Guide to Prison,8982,Grav.
1112,Summer of '67,8941,MS
1113,Beauty and the Dogs,8915,Osci.
1114,Blood Feast,8708,Hann.
1115,Furlough,8472,IFC
1116,The Clovehitch Killer,8208,IFC
1117,Spiral,8190,Cohen
1118,Dark River,7714,FR
1119,Legend of the Mountain (2017 re-release),7640,KL
1120,The Lodgers,7362,EpicPics
1121,Shoah: Four Sisters,7323,Cohen
1122,Tall: The American Skyscraper and Louis Sullivan,7216,CGld
1123,Painless,7082,Indic.
1124,In Echo Park,7072,Indic.
1125,This is Congo,7051,Abr.
1126,In the Land of Pomegranates,7014,FRun
1127,Duckbutter,6877,Orch.
1128,Calling All Earthlings,6756,Carpe Stella
1129,A Whale of a Tale,6747,FLM
1130,An Evening with Beverly Luff Linn,6701,TFA
1131,School of Life,6300,Distrib.
1132,The Quake,6235,Magn.
1133,One Last Thing (2018),6232,Fathom
1134,I Am MLK Jr.,5918,Gathr
1135,Are We Not Cats,5518,Cleopatra
1136,Cuban Food Stories,5434,FRun
1137,Postcards from London,5312,Strand
1138,"Distant Voices, Still Lives (2018 reissue)",5234,Arrow
1139,In Searching,5210,Indic.
1140,12 Days,5204,Distrib.
1141,Intersection (2018),5116,Indic.
1142,Notes on Appearance,5065,Ghop
1143,The Texture of Falling,5010,BloodSweatHo
1144,Social Animals,5007,VE
1145,An L.A. Minute,5004,Strand
1146,Edward II (2018 re-release),4826,FM
1147,Status Update,4764,VE
1148,The Other Side of Everything,4685,Icar.
1149,The Long Dumb Road,4667,TFA
1150,Kangaroo,4547,Abr.
1151,Kickboxer Retaliation,4537,WGUSA
1152,Weightless,4461,Great Point
1153,The Peacemaker (2018),4400,Central Squa
1154,Small Group (Theatrical on Demand(r)),4299,Gathr
1155,Stella's Last Weekend,4215,Pala.
1156,The Party's Just Beginning,4145,Orch.
1157,Armed,3948,GVN
1158,American Dresser,3895,Cdgm.
1159,The Second Time Around,3837,FRun
1160,Cocote,3815,Ghop
1161,Nelly,3751,CLS
1162,La Familia,3696,FM
1163,FourPlay,3550,PDF
1164,The Citizen (2018),3495,Artma
1165,Under the Wire,3429,Abr.
1166,Cage Fighter,3392,IFC
1167,Followers,3350,Cdgm.
1168,Tom of Finland (Gathr Release),3314,Gathr
1169,At First Light,3292,EOne
1170,Over the Limit,3243,FM
1171,Game Changers,3142,Ammo
1172,Hot to Trot (2018),3133,FRun
1173,Nana,2784,FunAcad
1174,Straight into a Storm,2684,Abr.
1175,ACORN and the Firestorm,2621,FRun
1176,El Pacto,2488,Sony
1177,The Swan,2367,Synergetic
1178,10x10,2263,VE
1179,A Wizard's Tale,2150,Blue Fox
1180,West of the Jordan River,1926,KL
1181,Finding Happiness,1841,Gathr
1182,The Lost Village,1780,FRun
1183,An Actor Prepares,1743,Grav.
1184,Henchmen,1469,EOne
1185,That Way Madness Lies,1447,FRun
1186,Marrowbone,1377,Magn.
1187,Beauty and the Beholder,1368,R1
1188,I Still See You,1359,LGF
1189,Billionaire Boy's Club,1349,VE
1190,Guy (2018),1319,Distrib.
1191,Altered Perception,1259,Cdgm.
1192,Two Men Went to War (2018 re-release),1227,Indic.
1193,Under the Turban,1190,Gathr
1194,Half Brothers,1100,PDF
1195,Invisible Hands,1034,FRun
1196,Gangsterdam,954,Distrib.
1197,The Breadwinner (Gathr Release),834,Gathr
1198,TVTV: Video Revolutionaries,812,FRun
1199,Higher Power,528,Magn.
1200,The Legend of Hallowaiian,451,VPD
1201,Realms,147,TFA
1284,sajay,1,philip
1285,Happy Days,2147483647,Mine
1286,Test1,5,Test1
1287,Donald Wood,80000000,Donald Wood
1288,Pan's Labyrinth,83850267,WB
1289,Andrew Hartley's Movie Name,100000000,Andrew Hartley Inc.
1290,Andrew Hartley's Movie Name,1,Andrew Hartley Inc.
1291,newmovie,8,andrewhartley
1292,Epic Awesome Movie,100000000,Gavin Poulton
1293,Ahmad and the fantastic beasts ,2147483647,Sabbagh Studios 
1294,Ahmads Amazing Movie,2147483647,Sabbagh Studios
1295,joe myers,2147483647,johnson ahmad
1296,The Greatest Showman,435000000,20th Century Studios
1297,The Greatest Showman,435000000,20th Century Studios
1298,CyberSec,26,Austin Robinson
1299,CyberSec,25,Austin Robinson
1300,Platform,1090116,Basque Films
1301,Snatch,83557872,SKA Films
1302,TEST,155500,"<script img src=""htt"
1303,TEST,155500,awesome
1304,hello,1,is this working??
1305,Oh it definetly is ,999,lol lets go 
1306,"spunge<img src=""https://cdn.memes.com/up/39498981567583094/i/1568797962357.jpg"">",11,please work
1307,whhhhhatttt,3,hello
1308,james town,5544,studi o
1309,HACKED ,2147483647,RAMY
1310,SuperSaiyanYose,2147483647,JPDistribution
1311,Good Will Hunting,225000000,Be Gentlemn
1312,Charlie Brown,134,Snoopy Studios
1313,Finding Nemo,87100000,Pixar Animation Stud
1314,Finding Nemo,87100000,Pixar Animation Stud
1315,Finding Nemo,871,Pixar Animation Stud
1316,Moana,650,Walt Disney Animatio
1317,Moana,650,Walt Disney Animatio
1318,Titanic,2147483647,Paramount Pictures
1319,Titanic,2147483647,Paramount Pictures
1320,Moana,650,Walt Disney Animatio
1321,Titanic,500,Paramount Pictures
1322,Star Trek IV: The Voyage Home,133000000,Paramount
1323,Star Trek IV: The Voyage Home,133000000,Paramount
1324,FakeMovie,1000000000,I GOT IN
1325,Monkey Movie 2 ,1,Jungle Productions
1326,Monkey Movie 2 ,2,Jungle Productions
1327,Star Wars: TFA,2066000000,Disney
1328,Creed,173,Metro-Goldwyn-Mayer 
1329,El Camino,40000,Sony Pictures Televi
1330,Crybaby,8,Imagine
1331,Transfomers : Age of Extinction ,1104000000,Hasbro Films Di Bona
1332,Get Out ,255000000,Universal Pictures

