COL 1,COL 2,COL 3
'85: The Greatest Team in Football History,Fathom,124573.00
102 Not Out,Sony,1343797.00
10x10,VE,2263.00
10x10,VE,2263.00
10x10,VE,2263.00
10x10,VE,2263.00
10x10,VE,2263.00
12 Days,Distrib.,5204.00
12 Days,Distrib.,5204.00
12 Days,Distrib.,5204.00
12 Days,Distrib.,5204.00
12 Days,Distrib.,5204.00
12 Strong,WB,45819713.00
1991,EOne,2342264.00
2,N/A,4152000.00
2001: A Space Odyssey (2018 re-release),WB,3236321.00
24 Frames,Jan.,34482.00
3 Faces,KL,70035.00
306 Hollywood,El Tigre,18399.00
3100: Run and Become,Illumine,65524.00
311 Enlarged to Show Detail 3,Trafalgar,238791.00
350 Days - Legends. Champions. Survivors.,Fathom,47526.00
42nd Street: The Musical,Fathom,187440.00
7 Days in Entebbe,Focus,3326885.00
93Queen,Abr.,76056.00
A Boy. A Girl. A Dream.,Gold.,112552.00
A Bread Factory,ITF,17325.00
A Chance in the World - Premiere,Fathom,112007.00
A Ciambra,IFC,41934.00
A Cool Fish,CL,551876.00
A Dog's Journey,Uni.,18764470.00
A Dog's Way Home,Sony,42004346.00
A Fantastic Woman,SPC,2020988.00
A Kid Like Jake,IFC,58403.00
A Paris Education,KL,21598.00
A Private War,Aviron,1633208.00
A Quiet Place,Par.,188024361.00
A Silent Voice (2019 re-release),Fathom,333984.00
A Simple Favor,LGF,53548586.00
A Star is Born (2018),WB,215288866.00
A tous ceux qui ne me lisent pas,EOne,36506.00
A Tuba to Cuba,Blue Fox,114876.00
A Whale of a Tale,FLM,6747.00
A Whale of a Tale,FLM,6747.00
A Whale of a Tale,FLM,6747.00
A Whale of a Tale,FLM,6747.00
A Whale of a Tale,FLM,6747.00
A Wizard's Tale,Blue Fox,2150.00
A Wizard's Tale,Blue Fox,2150.00
A Wizard's Tale,Blue Fox,2150.00
A Wizard's Tale,Blue Fox,2150.00
A Wizard's Tale,Blue Fox,2150.00
A Wrinkle in Time,BV,100478608.00
A.X.L.,Global Road,6501381.00
Above and Beyond: NASA's Journey to Tomorrow,Fathom,74711.00
ACORN and the Firestorm,FRun,2621.00
ACORN and the Firestorm,FRun,2621.00
ACORN and the Firestorm,FRun,2621.00
ACORN and the Firestorm,FRun,2621.00
ACORN and the Firestorm,FRun,2621.00
Across the Universe (2018 re-release),Fathom,258618.00
Action Point,Par.,5059608.00
Active Measures,Super,19862.00
Adrift,STX,31445012.00
After (2019),Aviron,12137018.00
After Auschwitz,Passion Rive,73885.00
Agent Mr. Chan,CL,208351.00
Airpocalypse,CL,105678.00
Aladdin (2019),BV,185032174.00
Alien Intrusion: Unmasking a Deception,Fathom,237411.00
Alita: Battle Angel,Fox,85710210.00
All About Nina,Orch.,100335.00
All Is True,SPC,469770.00
Allegiance To Broadway (2018),Fathom,18527.00
Along with the Gods: The Last 49 Days,WGUSA,1200246.00
Alpha,Studio 8,35857181.00
Altered Perception,Cdgm.,1259.00
Altered Perception,Cdgm.,1259.00
Altered Perception,Cdgm.,1259.00
Altered Perception,Cdgm.,1259.00
Altered Perception,Cdgm.,1259.00
Always at the Carlyle,Good Deed,174251.00
Always Miss You,CL,91884.00
Amazing Grace (2019),Neon,4212127.00
American Animals,Orch.,2856954.00
American Chaos,SPC,12368.00
American Dream: Detroit,Fathom,55092.00
American Dresser,Cdgm.,3895.00
American Dresser,Cdgm.,3895.00
American Dresser,Cdgm.,3895.00
American Dresser,Cdgm.,3895.00
American Dresser,Cdgm.,3895.00
American Socialist: The Life & Times of Eugene Victor Debs,FRun,12609.00
An Acceptable Loss,IFC,32427.00
An Actor Prepares,Grav.,1743.00
An Actor Prepares,Grav.,1743.00
An Actor Prepares,Grav.,1743.00
An Actor Prepares,Grav.,1743.00
An Actor Prepares,Grav.,1743.00
An Elephant Sitting Still,KS,32556.00
An Evening with Beverly Luff Linn,TFA,6701.00
An Evening with Beverly Luff Linn,TFA,6701.00
An Evening with Beverly Luff Linn,TFA,6701.00
An Evening with Beverly Luff Linn,TFA,6701.00
An Evening with Beverly Luff Linn,TFA,6701.00
An Interview with God,Fathom,1201434.00
An L.A. Minute,Strand,5004.00
An L.A. Minute,Strand,5004.00
An L.A. Minute,Strand,5004.00
An L.A. Minute,Strand,5004.00
An L.A. Minute,Strand,5004.00
Andhadhun,Eros,1193046.00
Andrei Rublev (re-release),Jan.,102021.00
Andy Irons: Kissed by God,Fathom,285933.00
Aniara,Magn.,38342.00
Anna and the Apocalypse,Orion,545597.00
Annihilation,Par.,32732301.00
Ant-Man and the Wasp,BV,216648740.00
Antonio Lopez 1970: Sex Fashion & Disco,FM,43169.00
Anything,Pala.,19037.00
Apocalypsis,Indic.,20052.00
Apollo 11,Neon,8754844.00
Aquaman,WB,335061807.00
Araby,Ghop,38399.00
Arctic,BST,2410795.00
Are We Not Cats,Cleopatra,5518.00
Are We Not Cats,Cleopatra,5518.00
Are We Not Cats,Cleopatra,5518.00
Are We Not Cats,Cleopatra,5518.00
Are We Not Cats,Cleopatra,5518.00
Armed,GVN,3948.00
Armed,GVN,3948.00
Armed,GVN,3948.00
Armed,GVN,3948.00
Armed,GVN,3948.00
Around India with a Movie Camera,Icar.,10389.00
Around India with a Movie Camera,Icar.,10389.00
Around India with a Movie Camera,Icar.,10389.00
Around India with a Movie Camera,Icar.,10389.00
Around India with a Movie Camera,Icar.,10389.00
Asako I & II,Ghop,8231.00
"Asbury Park: Riot, Redemption, Rock & Roll",Trafalgar,167684.00
Ash is Purest White,Cohen,415955.00
Ask Dr. Ruth,Magn.,271735.00
Assassination Nation,Neon,2005142.00
Asterix: The Secret of the Magic Potion,EOne,1271953.00
At Eternity's Gate,CBS,2294915.00
At First Light,EOne,3292.00
At First Light,EOne,3292.00
At First Light,EOne,3292.00
At First Light,EOne,3292.00
At First Light,EOne,3292.00
Attack on Titan Season 3,FUN,377334.00
Ava,Ghop,20940.00
Avant qu'on explose,EOne,119894.00
Avengers: Endgame,BV,815501784.00
Avengers: Infinity War,BV,678815482.00
Baaghi 2,FIP,1319579.00
Babylon (2019 re-release),KL,95906.00
Back to Burgundy,MBox,257610.00
Bad Reputation,Magn.,148568.00
Bad Samaritan,Electric,3435047.00
Bad Times At The El Royale,Fox,17839115.00
Badla,Relbig.,1861000.00
Bag of Marbles,Gaum.,411318.00
Bandstand: The Broadway Musical,Fathom,839554.00
Bandstand: The Broadway Musical (2018),Fathom,91000.00
Batman (1989) 30th Anniversary,Fathom,159419.00
Batman and Robin (Fathom Event),Fathom,28597.00
Batman Forever (Fathom Event),Fathom,38014.00
Batman Returns (Event),Fathom,70642.00
Batman: Mask of the Phantasm (25th Anniversary),Fathom,178133.00
Batti Gul Meter Chalu,Eros,249539.00
Bauhaus Spirit,Icar.,17122.00
"Be Natural: The Untold Story of Alice Guy-Blach?,Zeit.",54003.00,NULL
Beast,RAtt.,800365.00
Beautiful Boy (2018),Amazon,7649973.00
Beautifully Broken,AAE,1208925.00
Beauty and the Beholder,R1,1368.00
Beauty and the Beholder,R1,1368.00
Beauty and the Beholder,R1,1368.00
Beauty and the Beholder,R1,1368.00
Beauty and the Beholder,R1,1368.00
Beauty and the Dogs,Osci.,8915.00
Beauty and the Dogs,Osci.,8915.00
Beauty and the Dogs,Osci.,8915.00
Beauty and the Dogs,Osci.,8915.00
Beauty and the Dogs,Osci.,8915.00
Becoming Astrid,MBox,120486.00
Beetlejuice (30th Anniversary),WB,512947.00
Before We Vanish,Super,52087.00
Beirut,BST,5019226.00
Bel Canto,Scre.,125569.00
Believer,WGUSA,365639.00
"Belle and Sebastian, Friends for Life",EOne,105890.00
Belle de jour (2018 re-release),Jan.,26331.00
Ben is Back,RAtt.,3703184.00
Ben-Hur (60th Anniversary),Fathom,422622.00
Best F(r)iends Movie,Fathom,252410.00
Best F(r)iends Volume Two,Fathom,141524.00
Beuys,KL,65410.00
Bharat Ane Nenu,GrtIndia,2663090.00
Bhavesh Joshi Superhero,Eros,57376.00
Big 30th Anniversary,Fathom,258507.00
Big Brother,WGUSA,85624.00
Bigger,Free,46382.00
Biggest Little Farm,Neon,1825163.00
Bilal: A New Breed of Hero,VE,490973.00
Billionaire Boy's Club,VE,1349.00
Billionaire Boy's Club,VE,1349.00
Billionaire Boy's Club,VE,1349.00
Billionaire Boy's Club,VE,1349.00
Billionaire Boy's Club,VE,1349.00
Birds of Passage,Orch.,507259.00
Bisbee '17,4th Row,117470.00
Black '47,IFC,57520.00
Black Mother,Ghop,18542.00
Black Panther,BV,700059566.00
BlacKkKlansman,Focus,49275340.00
Blaze (2018),IFC,704955.00
Blindspotting,LG/S,4333394.00
Blockers,Uni.,60311495.00
Blood Feast,Hann.,8708.00
Blood Feast,Hann.,8708.00
Blood Feast,Hann.,8708.00
Blood Feast,Hann.,8708.00
Blood Feast,Hann.,8708.00
Blood Fest,Fathom,82774.00
Bob Le Flambeur (2017 re-release),Rialto,15586.00
Bodied,Neon,113956.00
Body at Brighton Rock,Magn.,5123.00
Bohemian Rhapsody,Fox,216428042.00
Bolshoi Ballet 2017/2018: Coppelia,Fathom,202217.00
Bolshoi Ballet 2017/2018: Giselle,Fathom,302681.00
Bolshoi Ballet 2017/2018: Romeo and Juliet,Fathom,313088.00
Bolshoi Ballet 2017/2018: The Flames of Paris,Fathom,175922.00
Bolshoi Ballet 2017/2018: The Lady of Camellias,Fathom,167991.00
Bolshoi Ballet: Carmen/Petrushka (2019),Fathom,207523.00
Bolshoi Ballet: Don Quixote (2018),Fathom,187946.00
Bolshoi Ballet: La Sylphide (2018),Fathom,171177.00
Bolshoi Ballet: Sleeping Beauty (2019),Fathom,311368.00
Bolshoi Ballet: Swan Lake,Fathom,88905.00
Bolshoi Ballet: The Golden Age (2019),Fathom,171916.00
Bolshoi Ballet: The Nutcracker,Fathom,323928.00
Bomb City,Grav.,59329.00
Book Club,Par.,68566296.00
Booksmart,UAR,14366831.00
Boom for Real: The Late Teenage Years of Jean-Michel Basquiat,Magn.,166616.00
Border,Neon,771930.00
Borg vs. McEnroe,Neon,231346.00
Boundaries,SPC,703438.00
Boy Erased,Focus,6788692.00
Breaking In (2018),Uni.,46840590.00
Breakthrough,Fox,40301588.00
Breath,FR,37108.00
Bricked,Gathr,9045.00
Bright Ones,Fathom,165627.00
Brightburn,SGem,14212552.00
BTS World Tour: Love Yourself in Seoul,Fathom,3509917.00
Buddy (2019),Ghop,22784.00
Bullitt 50th Anniversary,Fathom,511350.00
Bullitt County,Mr. Pictures,11257.00
Bumblebee,Par.,127195589.00
Burn the Stage: The Movie,Trafalgar,4201819.00
Burning,WGUSA,718991.00
But Deliver Us from Evil,Indic.,285169.00
Buttons: A New Musical Film,Fathom,151983.00
Buybust,WGUSA,178471.00
Bye Bye Germany,FM,73730.00
Cage Fighter,IFC,3392.00
Cage Fighter,IFC,3392.00
Cage Fighter,IFC,3392.00
Cage Fighter,IFC,3392.00
Cage Fighter,IFC,3392.00
Calling All Earthlings,Carpe Stella,6756.00
Calling All Earthlings,Carpe Stella,6756.00
Calling All Earthlings,Carpe Stella,6756.00
Calling All Earthlings,Carpe Stella,6756.00
Calling All Earthlings,Carpe Stella,6756.00
Can You Ever Forgive Me?,FoxS,8803865.00
Canal Street,SG,251917.00
Canelo vs Rocky,Fathom,54916.00
Canelo vs. GGG 2,Fathom,707875.00
Canelo vs. Jacobs,Fathom,230703.00
Capernaum,SPC,1661096.00
Captain Marvel,BV,426181433.00
Captive State,Focus,5958315.00
Carmine Street Guitars,Abr.,41467.00
Castle in the Sky - Studio Ghibli Fest 2018,Fathom,523664.00
CatVideoFest 2019,Osci.,454030.00
Champion (2018),WGUSA,97472.00
Chappaquiddick,ENTMP,17395520.00
Charlie Says,IFC,40685.00
Charm City,PBS,29335.00
Chasing Portraits,FRun,3076.00
Chasing the Blues,Ammo,14030.00
Chef Flynn,KL,68407.00
Chokehold,Ammo,5200.00
Chonda Pierce: Unashamed,Fathom,787979.00
Christ Stopped at Eboli (re-release),Rialto,45996.00
Chronicle of Anna Magdalena Bach,Ghop,17527.00
Cirque du Soleil: KURIOS - Cabinet Of Curiosities,Fathom,413039.00
Claire's Camera,CGld,83418.00
Class Rank,Cdgm.,10452.00
Cliffs of Freedom,Round Hill,72476.00
Climax,A24,817339.00
Cobra Kai Premiere Event feat. The Karate Kid,Fathom,185082.00
Cocote,Ghop,3815.00
Cocote,Ghop,3815.00
Cocote,Ghop,3815.00
Cocote,Ghop,3815.00
Cocote,Ghop,3815.00
Code Geass: Lelouch of the Resurrection,FUN,522805.00
Cold Pursuit,LG/S,32138862.00
Cold War (2018),Amazon,4580048.00
Cold Water (2018 re-release),Jan.,30209.00
Colette,BST,5137622.00
Combat Obscura,Osci.,14242.00
Condorito: La Pelicula,LGF,447719.00
Crazy Rich Asians,WB,174532921.00
Creed II,MGM,115715889.00
Crime + Punishment,IFC,18644.00
Cruel Intentions (20th Anniversary),Sony,445218.00
Cuban Food Stories,FRun,5434.00
Cuban Food Stories,FRun,5434.00
Cuban Food Stories,FRun,5434.00
Cuban Food Stories,FRun,5434.00
Cuban Food Stories,FRun,5434.00
Custody,KL,83882.00
Cynthia,Indic.,58177.00
Cyrano de Bergerac presented by Com?die-Fran?aise,Fathom,86300.00
Damsel,Magn.,305136.00
Dark Money,PBS,217932.00
Dark River,FR,7714.00
Dark River,FR,7714.00
Dark River,FR,7714.00
Dark River,FR,7714.00
Dark River,FR,7714.00
Daughter of Mine,Strand,10628.00
"DCI 2018: Big, Loud & Live 15",Fathom,603320.00
DCI 2018: Tour Premiere,Fathom,434008.00
De De Pyaar De,Yash,425934.00
Deadpool 2,Fox,318491426.00
Death House,Hann.,23833.00
Death of a Nation,QF,5885881.00
Death Wish (2018),MGM,34017028.00
Default,CJ,203775.00
Den of Thieves,STX,44947622.00
Desolation,PDF,18490.00
Destroyer,Annapurna,1533324.00
Detective Chinatown 2,WB,1983984.00
Detective Dee: The Four Heavenly Kings,WGUSA,262963.00
Detective K: Secret of the Living Dead,WGUSA,104013.00
Detour (2018 re-release),Jan.,16172.00
Diamantino,KL,36388.00
"Diana Ross: Her Life, Love And Legacy",Fathom,160968.00
Diane,IFC,336166.00
Did You Wonder Who Fired the Gun?,Ghop,20765.00
Digimon Adventure Tri. 4: Loss,Fathom,59114.00
Digimon Adventure Tri. 5: Coexistence,Fathom,52339.00
Digimon Adventure Tri. 6: Future,Fathom,54324.00
Dirty Dancing (Fathom Event),Fathom,622968.00
Disney's Christopher Robin,BV,99215042.00
Disobedience,BST,3498782.00
"Distant Voices, Still Lives (2018 reissue)",Arrow,5234.00
"Distant Voices, Still Lives (2018 reissue)",Arrow,5234.00
"Distant Voices, Still Lives (2018 reissue)",Arrow,5234.00
"Distant Voices, Still Lives (2018 reissue)",Arrow,5234.00
"Distant Voices, Still Lives (2018 reissue)",Arrow,5234.00
Divide and Conquer: The Story of Roger Ailes,Magn.,38510.00
Django,UTMW,56556.00
Doctor Who: Genesis of the Daleks,Fathom,264629.00
Doctor Who: Logopolis,Fathom,143248.00
Doctor Who: New Season Premiere,Fathom,82698.00
Dog Days (2018),LD,6809080.00
Dogman,Magn.,91292.00
Don't Worry He Won't Get Far on Foot,Amazon,1441705.00
Donnybrook,IFC,26284.00
Double Lover,Cohen,167581.00
Dr. Seuss' The Grinch (2018),Uni.,270620950.00
Dragon Ball Super: Broly,FUN,30712119.00
Dragon Ball Z: Broly - The Legendary Super Saiyan (2018 re-release),Fathom,658982.00
Dragon Ball Z: Saiyan Double Feature,Fathom,540707.00
Duckbutter,Orch.,6877.00
Duckbutter,Orch.,6877.00
Duckbutter,Orch.,6877.00
Duckbutter,Orch.,6877.00
Duckbutter,Orch.,6877.00
Dumbo (2019),BV,113754882.00
Early Man,LGF,8267544.00
Eating Animals,IFC,149614.00
Eating You Alive,Fathom,260534.00
Echo in the Canyon,Greenwich,260480.00
Edward II (2018 re-release),FM,4826.00
Edward II (2018 re-release),FM,4826.00
Edward II (2018 re-release),FM,4826.00
Edward II (2018 re-release),FM,4826.00
Edward II (2018 re-release),FM,4826.00
Eight Hours Don't Make a Day (2018 re-release),Jan.,19987.00
Eighth Grade,A24,13539709.00
Ek Ladki Ko Dekha Toh Aisa Laga,FIP,1182636.00
El Angel,Orch.,109608.00
El Chicano,Briarcliff,1400603.00
El Mar La Mar,CGld,9065.00
El Mar La Mar,CGld,9065.00
El Mar La Mar,CGld,9065.00
El Mar La Mar,CGld,9065.00
El Mar La Mar,CGld,9065.00
El Pacto,Sony,2488.00
El Pacto,Sony,2488.00
El Pacto,Sony,2488.00
El Pacto,Sony,2488.00
El Pacto,Sony,2488.00
Elf (15th Anniversary),WB,442073.00
Elliot: The Littlest Reindeer,Scre.,24262.00
Elvis: '68 Comeback Special (2018 release),Fathom,1010657.00
En el Septimo Dia (On the Seventh Day),CGld,79887.00
Errol Spence vs. Mikey Garcia,Fathom,328979.00
Escape Room,Sony,57005601.00
Every Day (2018),Orion,6102076.00
Everybody Knows,Focus,2660165.00
Extreme Job,CJ,1565885.00
Fahrenheit 11/9,Briarcliff,6352306.00
"Faith, Hope & Love",AAE,207951.00
Family (2019),TFA,194601.00
Fantastic Beasts: The Crimes of Grindelwald,WB,159555901.00
Far from the Tree,IFC,166018.00
Fast Color,LGF,76916.00
Fate/Stay Night: Heaven's Feel - I. Presage Flower,Fathom,193833.00
Fate/Stay Night: Heaven's Feel - II. Lost Butterfly,Fathom,420595.00
Feng Shui (Myung Dang),CJ,64147.00
Ferrante Fever,Greenwich,11137.00
Fifty Shades Freed,Uni.,100407760.00
Fighting with My Family,MGM,22958583.00
Filmworker,KL,102609.00
Final Portrait,SPC,461972.00
Finding Happiness,Gathr,1841.00
Finding Happiness,Gathr,1841.00
Finding Happiness,Gathr,1841.00
Finding Happiness,Gathr,1841.00
Finding Happiness,Gathr,1841.00
Finding Your Feet,RAtt.,1418682.00
Fireworks (2018),GK,525280.00
First Man,Uni.,44936545.00
First Reformed,A24,3448256.00
First We Take Brooklyn,ZP,42812.00
Five Feet Apart,LGF,45729221.00
Five Seasons: The Gardens of Piet Oudolf,Argo.,119223.00
Flower,Orch.,328188.00
Followers,Cdgm.,3350.00
Followers,Cdgm.,3350.00
Followers,Cdgm.,3350.00
Followers,Cdgm.,3350.00
Followers,Cdgm.,3350.00
Forever My Girl,RAtt.,16376066.00
FourPlay,PDF,3550.00
FourPlay,PDF,3550.00
FourPlay,PDF,3550.00
FourPlay,PDF,3550.00
FourPlay,PDF,3550.00
Foxtrot,SPC,618883.00
Fragments of Truth,Fathom,219342.00
Frank and Ava,Hann.,17819.00
"Frantz Fanon: Black Skin, White Mask",FM,6859.00
Freak Show,IFC,19696.00
Free Solo,NGE,17541090.00
Furie,WGUSA,594788.00
Furious (Legend of Kolovrat),CARUSEL,9996.00
Furious (Legend of Kolovrat),CARUSEL,9996.00
Furious (Legend of Kolovrat),CARUSEL,9996.00
Furious (Legend of Kolovrat),CARUSEL,9996.00
Furious (Legend of Kolovrat),CARUSEL,9996.00
Furlough,IFC,8472.00
Furlough,IFC,8472.00
Furlough,IFC,8472.00
Furlough,IFC,8472.00
Furlough,IFC,8472.00
Gabriel and the Mountain,Strand,18415.00
Game Changers,Ammo,3142.00
Game Changers,Ammo,3142.00
Game Changers,Ammo,3142.00
Game Changers,Ammo,3142.00
Game Changers,Ammo,3142.00
Game Night,WB (NL),69179066.00
Gangsterdam,Distrib.,954.00
Gangsterdam,Distrib.,954.00
Gangsterdam,Distrib.,954.00
Gangsterdam,Distrib.,954.00
Gangsterdam,Distrib.,954.00
Ganja & Hess (2018 re-release),KL,21197.00
Garry Winogrand: All Things Are Photographable,Greenwich,44002.00
Gauguin: Voyage to Tahiti,Cohen,200140.00
Gemini,Neon,200340.00
Generation Wealth,Magn.,237709.00
George Takei's Allegiance (2018),Fathom,117162.00
Getting Grace,Hann.,217812.00
Ghost Stories,IFC,148747.00
Giant Little Ones,VE,181507.00
Girls of the Sun,Cohen,19712.00
Girls vs Gangsters,WGUSA,37115.00
Glass,Uni.,111035005.00
Gloria Bell,A24,5611123.00
God Bless the Broken Road,Free,2846257.00
God's Not Dead: A Light in Darkness,PFR,5728940.00
Godard Mon Amour,Cohen,82264.00
GODSPEED The Race Across America,Fathom,96690.00
Godzilla: King of the Monsters,WB,49025000.00
Goldbuster,WGUSA,186135.00
Golden Exits,VE,41888.00
Golden Job,WGUSA,285795.00
Golden Slumber,CJ,94450.00
Goldstone,Lightyear,87639.00
Gone with the Wind (80th Anniversary),Fathom,2176120.00
Gonjiam: Haunted Asylum,WGUSA,115252.00
Good Manners,Distrib.,31177.00
Goodland,PDF,32140.00
Goosebumps 2: Haunted Halloween,Sony,46700633.00
Gosnell: The Trial of America's Biggest Serial Killer,GVN,3679893.00
Gotti,VE,4343227.00
Grace Jones: Bloodlight and Bami,KL,375208.00
Grass (2019),CGld,6740.00
Grave of the Fireflies - Studio Ghibli Fest 2018,Fathom,516962.00
Gray Matter,Indic.,38034.00
Grease (40th Anniversary),Fathom,1213413.00
Green Book,Uni.,85080171.00
Greta,Focus,10519425.00
Gringo,STX,4969853.00
Gully Boy,VPD,5566534.00
Guy (2018),Distrib.,1319.00
Guy (2018),Distrib.,1319.00
Guy (2018),Distrib.,1319.00
Guy (2018),Distrib.,1319.00
Guy (2018),Distrib.,1319.00
Hagazussa,DR,13253.00
Haikara-San: Here Comes Miss Modern,Elev.,16572.00
Hail Satan?,Magn.,391832.00
Hal,Osci.,48698.00
"Hale County This Morning, This Evening",CGld,112282.00
Half Brothers,PDF,1100.00
Half Brothers,PDF,1100.00
Half Brothers,PDF,1100.00
Half Brothers,PDF,1100.00
Half Brothers,PDF,1100.00
Half the Picture,Grav.,21589.00
Halloween (2018),Uni.,159342015.00
Halston,Orch.,36505.00
Hannah (2018),PDF,11700.00
Happy Death Day 2U,Uni.,28051045.00
Happy Phirr Bhag Jayegi,Eros,103385.00
Harry & Meghan - The Royal Wedding,Fathom,50264.00
Harry Potter & the Chamber of Secrets (2018 re-release),WB,245501.00
Harry Potter & the Deathly Hallows - Part 1 (2018 re-release),WB,148263.00
Harry Potter & the Deathly Hallows - Part 2 (2018 re-release),WB,181938.00
Harry Potter & the Goblet of Fire (2018 re-release),WB,188716.00
Harry Potter & the Half-Blood Prince (2018 re-release),WB,130081.00
Harry Potter & the Order of the Phoenix (2018 re-release),WB,132522.00
Harry Potter & the Prisoner of Azkaban (2018 re-release),WB,218774.00
Harry Potter & the Sorcerer's Stone (2018 re-release),WB,295917.00
Have a Nice Day,Strand,79393.00
He Matado a mi Marido!,Ham,35614.00
Head Full of Honey,WB,12350.00
Heading Home: The Tale of Team Israel,Men.,166117.00
Hearts Beat Loud,G&S,2386251.00
Heavy Trip,MBox,10153.00
Heavy Trip,MBox,10153.00
Heavy Trip,MBox,10153.00
Heavy Trip,MBox,10153.00
Heavy Trip,MBox,10153.00
Helicopter Eela,Eros,71971.00
Hell Fest,LGF,11107431.00
Hellboy (2019),LG/S,21903748.00
Henchmen,EOne,1469.00
Henchmen,EOne,1469.00
Henchmen,EOne,1469.00
Henchmen,EOne,1469.00
Henchmen,EOne,1469.00
Her Smell,G&S,255599.00
Here and Now,AMBI,13892.00
Hereditary,A24,44069456.00
Hesburgh,O'Malley,177207.00
Hichki,Yash,330279.00
High Life,A24,1225852.00
High on the Hog,Indic.,43276.00
Higher Power,Magn.,528.00
Higher Power,Magn.,528.00
Higher Power,Magn.,528.00
Higher Power,Magn.,528.00
Higher Power,Magn.,528.00
Hitler's Hollywood,KL,43766.00
Holmes and Watson,Sony,30573626.00
Holy Hell (2018),Indic.,34366.00
Horn From the Heart,Abr.,58597.00
Hot to Trot (2018),FRun,3133.00
Hot to Trot (2018),FRun,3133.00
Hot to Trot (2018),FRun,3133.00
Hot to Trot (2018),FRun,3133.00
Hot to Trot (2018),FRun,3133.00
Hotel Artemis,Global Road,6708147.00
Hotel by the River,CGld,25578.00
Hotel Mumbai,BST,9635910.00
Hotel Transylvania 3: Summer Vacation,Sony,167510016.00
How Long Will I Love U,WGUSA,746933.00
How to Talk to Girls at Parties,A24,84809.00
How to Train Your Dragon: The Hidden World,Uni.,160596575.00
How Victor 'The Garlic' Took Alexey 'The Stud' to the Nursing Home,CARUSEL,12954.00
Howl's Moving Castle: 15th Anniverary - Studio Ghibli (2019),Fathom,865647.00
Humor Me,Shout!,40099.00
Hunter Killer,LG/S,15767460.00
HYMN - Sarah Brightman In Concert,Fathom,113274.00
I Am MLK Jr.,Gathr,5918.00
I Am MLK Jr.,Gathr,5918.00
I Am MLK Jr.,Gathr,5918.00
I Am MLK Jr.,Gathr,5918.00
I Am MLK Jr.,Gathr,5918.00
I Am Not a Witch,FM,50868.00
I Can Only Imagine,RAtt.,83482352.00
I Feel Pretty,STX,48795601.00
I Still See You,LGF,1359.00
I Still See You,LGF,1359.00
I Still See You,LGF,1359.00
I Still See You,LGF,1359.00
I Still See You,LGF,1359.00
I Want to Eat Your Pancreas,Fathom,277019.00
Ice Dragon: The Legend of the Blue Daisies,Fathom,20549.00
Iceman (2019),FM,2138.00
If Beale Street Could Talk,Annapurna,14915773.00
If the Dancer Dances,MR,10912.00
In Between,FM,107977.00
In Echo Park,Indic.,7072.00
In Echo Park,Indic.,7072.00
In Echo Park,Indic.,7072.00
In Echo Park,Indic.,7072.00
In Echo Park,Indic.,7072.00
In Like Flynn,Blue Fox,11255.00
In Search of Greatness,Art of Sport,58090.00
In Searching,Indic.,5210.00
In Searching,Indic.,5210.00
In Searching,Indic.,5210.00
In Searching,Indic.,5210.00
In Searching,Indic.,5210.00
In the Intense Now,Icar.,24955.00
In the Land of Pomegranates,FRun,7014.00
In the Land of Pomegranates,FRun,7014.00
In the Land of Pomegranates,FRun,7014.00
In the Land of Pomegranates,FRun,7014.00
In the Land of Pomegranates,FRun,7014.00
Incredibles 2,BV,608581744.00
India's Most Wanted,FIP,149905.00
Indian Horse,Elevation,1893758.00
Indivisible,PFR,3511417.00
Insidious: The Last Key,Uni.,67745330.00
Instant Family,Par.,67363237.00
Intersection (2018),Indic.,5116.00
Intersection (2018),Indic.,5116.00
Intersection (2018),Indic.,5116.00
Intersection (2018),Indic.,5116.00
Intersection (2018),Indic.,5116.00
Invisible Hands,FRun,1034.00
Invisible Hands,FRun,1034.00
Invisible Hands,FRun,1034.00
Invisible Hands,FRun,1034.00
Invisible Hands,FRun,1034.00
Is Genesis History? (2018 re-release),Fathom,166763.00
Isle Of Dogs,FoxS,32015231.00
Ismael's Ghosts,Magn.,102510.00
Isn't It Romantic,WB (NL),48791187.00
Itzhak,Greenwich,607290.00
Iyengar,KL,88763.00
Izzy Gets the Fuck Across Town,Shout!,20208.00
Jane and Emma,Excel,184795.00
Jason Mraz: Have It All The Movie,Atlantic Rec,197142.00
Jet Trash,Indic.,26002.00
Jihadists,CLS,2104.00
Jim Henson's Holiday Special with Fraggle Rock and Emmet Otter,Fathom,695130.00
John McEnroe: In the Realm of Perfection,Osci.,90964.00
John Wick: Chapter 3 - Parabellum,LG/S,125752812.00
Johnny English Strikes Again,Uni.,4412170.00
JONI 75: A Birthday Celebration,Trafalgar,752205.00
Joseph Pulitzer: Voice of the People,FRun,16970.00
Josh Groban Bridges from Madison Square Garden,Trafalgar,315173.00
Journey's End,Good Deed,161796.00
"Juliet, Naked",RAtt.,3444895.00
Jumanji Movie Event,Fathom,49381.00
Junglee,VPD,295784.00
Jurassic Park (25th Anniversary),Fathom,374238.00
Jurassic World: Fallen Kingdom,Uni.,417719760.00
Just a Breath Away,EOne,77987.00
Kalank,FIP,2729336.00
Kangaroo,Abr.,4547.00
Kangaroo,Abr.,4547.00
Kangaroo,Abr.,4547.00
Kangaroo,Abr.,4547.00
Kangaroo,Abr.,4547.00
Karate Kid (35th Anniversary),Fathom,215447.00
Karwaan,PackYourBag,182009.00
Kedarnath,PackYourBag,901131.00
Keep the Change,KL,202788.00
Keys to the Heart,CJ,75134.00
Khalid: Free Spirit,Trafalgar,284229.00
Kickboxer Retaliation,WGUSA,4537.00
Kickboxer Retaliation,WGUSA,4537.00
Kickboxer Retaliation,WGUSA,4537.00
Kickboxer Retaliation,WGUSA,4537.00
Kickboxer Retaliation,WGUSA,4537.00
Kin,LGF,5718096.00
King of Hearts (2018 re-release),Cohen,17646.00
King of Thieves,Saban,7518.00
Kingdom Men Rising,Fathom,1188936.00
Kings (2018),Orch.,274635.00
Kirk Cameron: Connect,Fathom,918127.00
Knife+Heart,AI,32516.00
Krystal,Pala.,37516.00
Kuleana,Gathr,33953.00
Kusama: Infinity,Magn.,360931.00
La Boda de Valentina,PNT,2783739.00
La Familia,FM,3696.00
La Familia,FM,3696.00
La Familia,FM,3696.00
La Familia,FM,3696.00
La Familia,FM,3696.00
La Religieuse (2018 re-release),Rialto,30245.00
Labyrinth (2018 Fathom Event),Fathom,993336.00
Last Letter,CL,180946.00
Last Year at Marienbad (2019 re-release),Jan.,24237.00
Le Corbeau (2018 re-issue),Rialto,36089.00
Lean on Pete,A24,1163056.00
Leaning Into The Wind,Magn.,400530.00
Leave No Trace,BST,6046104.00
"Leaving Home, Coming Home: A Portrait of Robert Frank",Greenwich,7014.00
Legend of the Mountain (2017 re-release),KL,7640.00
Legend of the Mountain (2017 re-release),KL,7640.00
Legend of the Mountain (2017 re-release),KL,7640.00
Legend of the Mountain (2017 re-release),KL,7640.00
Legend of the Mountain (2017 re-release),KL,7640.00
Les Parents Terribles (2018 re-release),Cohen,11818.00
Let the Corpses Tan,KL,93409.00
Let the Sunshine In,IFC,892421.00
Let Yourself Go,Men.,12189.00
Letter From Masanjia,Ammo,23481.00
Life & Nothing More,CFI,24358.00
Life Itself (2018),Amazon,4102648.00
Life of the Party,WB (NL),53059911.00
Like Arrows,Fathom,817990.00
Like Me,KL,12965.00
Little,Uni.,40553130.00
Little Italy,EOne,990230.00
Little Pink House,Da.,220948.00
Little Women (2018),Pinnacle,1379497.00
Little Woods,Neon,150010.00
Liyana,Abr.,44045.00
Liz and the Blue Bird,Elev.,63204.00
Lizzie,RAtt.,642157.00
Lobster Cop,CL,85693.00
London Fields,GVN,252676.00
Long Day's Journey Into Night (2019),KL,397364.00
Long Shot,LG/S,29929693.00
Lords of Chaos,G&S,253184.00
Los Domirrique?os 2,Spanglish,1187280.00
Lost & Found,HyperFilm,56802.00
"Lou Andreas-Salom?, the Audacity to be Free",CLS,12875.00
Love After Love,IFC,121098.00
"Love, Cecil",Zeit.,106057.00
"Love, Gilda",Magn.,626318.00
"Love, Simon",Fox,40826341.00
Loveless (2018),SPC,566356.00
Loving Pablo,Uni.,22017.00
Lu Over the Wall,GK,109857.00
Luis & the Aliens,VPD,169710.00
Luka Chuppi,VPD,1042905.00
Ma (2019),Uni.,18260000.00
Madame,Blue Fox,90979.00
Made In Abyss: Journey's Dawn,Fathom,134047.00
Made Me Do It,Indic.,10759.00
Madeline's Madeline,Osci.,185576.00
Making the Five Heartbeats,Fathom,67415.00
Malek,EOne,4898.00
Mama Africa Miriam Makeba,Artma,10430.00
Mama Africa Miriam Makeba,Artma,10430.00
Mama Africa Miriam Makeba,Artma,10430.00
Mama Africa Miriam Makeba,Artma,10430.00
Mama Africa Miriam Makeba,Artma,10430.00
Mamma Mia! 10th Anniversary,Fathom,39601.00
Mamma Mia! Here We Go Again,Uni.,120634935.00
Mandy,RLJ,1214525.00
Manmarziyaan,Eros,567417.00
Mantra: Sounds into Silence,Gathr,115013.00
Mapplethorpe,Gold.,91002.00
Maquia: When the Promised Flower Blooms (Dubbed),Elev.,18539.00
Maquia: When the Promised Flower Blooms (Subtitled),Elev.,185699.00
Maria by Callas,SPC,1267301.00
Marlina the Murderer in Four Acts,Icar.,17788.00
Marrowbone,Magn.,1377.00
Marrowbone,Magn.,1377.00
Marrowbone,Magn.,1377.00
Marrowbone,Magn.,1377.00
Marrowbone,Magn.,1377.00
Mary and the Witch's Flower,GK,2418404.00
Mary Magdalene,IFC,124741.00
Mary Poppins Returns,BV,171958438.00
Mary Queen of Scots,Focus,16468499.00
Mary Shelley,IFC,108900.00
Master Z: Ip Man Legacy,WGUSA,209454.00
Matangi/Maya/M.I.A.,Abr.,230808.00
Mayday Life,CL,45000.00
Maze (2019),Lightyear,44381.00
Maze Runner: The Death Cure,Fox,58032443.00
Mazinger Z: INFINITY,Fathom,220682.00
McQueen,BST,1257275.00
Meanest Man in Texas,Ammo,8850.00
Meeting Gorbachev,1091,192064.00
Memoir of War,MBox,103636.00
Memories of Underdevelopment (2017 re-release),Jan.,29647.00
Meow Wolf: Origin Story,Fathom,99488.00
MET Opera: Aida,Fathom,1595902.00
Met Opera: Cendrillon,Fathom,1243306.00
Met Opera: Il Trovatore (2018),Fathom,129393.00
Met Opera: L'Elisir d'Amore (2018),Fathom,1115018.00
Met Opera: La Boh?me (2018),Fathom,1764201.00
MET Opera: La Fanciulla Del West,Fathom,1023233.00
MET Opera: La Traviata,Fathom,1882931.00
MET Opera: Magic Flute,Fathom,307686.00
MET Opera: Marnie,Fathom,849710.00
MET Opera: Samson Et Dalila,Fathom,1195758.00
Met Opera: Semiramide,Fathom,1033651.00
Met Opera: Tosca,Fathom,2023749.00
Met Summer Encore: Eugene Onegin,Fathom,129498.00
Met Summer Encore: Madama Butterfly,Fathom,129730.00
Met Summer Encore: Turandot,Fathom,172627.00
MFKZ,GK,229423.00
Mia and the White Lion,Ledafilms,399471.00
Mid90s,A24,7362439.00
Midnight Sun,Global Road,9561064.00
Mile 22,STX,36108758.00
Milford Graves Full Mantis,CGld,26566.00
Mind Game (2017 re-release),GK,36613.00
Minding the Gap,Magn.,11998.00
Mirai,GK,812794.00
Miss & Mrs. Cops,CJ,50282.00
Miss Bala,Sony,15006824.00
Missing Link,UAR,16591303.00
Mission: Impossible - Fallout,Par.,220159104.00
Mob Psycho 100 - Season 2 Premiere,Fathom,115766.00
Mobile Suit Gundam NT (Narrative),Fathom,259224.00
"Modest Heroes: Ponoc Short Films Theatre, Vol 1",Fathom,178027.00
Mojin: The Worm Valley,WGUSA,101516.00
Money (2019),CJ,155732.00
"Monrovia, Indiana",Zipp.,63944.00
Monster Family,VPD,127259.00
Monster Hunt 2,LGF,706153.00
Monsters and Men,Neon,500101.00
Monty Python's Life of Brian (40th Anniversary),Trafalgar,161507.00
More than Blue,CL,722669.00
More Than Funny: Everybody Has a Punchline,Fathom,290498.00
Mortal Engines,Uni.,15951040.00
Moses,Fathom,1807117.00
Mother of a Day,Smb.,3919.00
Mountain,Greenwich,365412.00
Moynihan,FRun,31970.00
Mrs. Hyde,Cartilage,18627.00
Mukkabaaz,Eros,75929.00
Museo,Vita.,148505.00
My Art,FM,12554.00
My Hero Academia: Two Heroes,FUN,5754556.00
My Neighbor Totoro - Studio Ghibli Fest 2018,Fathom,1144649.00
My Son,Cohen,14450.00
Namaste England,Eros,104079.00
Namiya,CL,70814.00
Nana,FunAcad,2784.00
Nana,FunAcad,2784.00
Nana,FunAcad,2784.00
Nana,FunAcad,2784.00
Nana,FunAcad,2784.00
Nancy (2018),Gold.,80115.00
Narcissister Organ Player,FM,15334.00
Nausicaa of the Valley of the Wind: 35th Anniversary,Fathom,495770.00
Nelly,CLS,3751.00
Nelly,CLS,3751.00
Nelly,CLS,3751.00
Nelly,CLS,3751.00
Nelly,CLS,3751.00
Never Goin' Back,A24,61271.00
Never Heard,Fathom,105271.00
Never Look Away,SPC,1303198.00
Never-Ending Man: Hayao Miyazaki,GK,187320.00
Newsies: The Broadway Musical (2018 re-release),Fathom,282429.00
"Nico, 1988",Magn.,73304.00
"Night Is Short, Walk On Girl",GK,406490.00
Night of the Living Dead (50th Anniversary),Fathom,147423.00
Night School (2018),Uni.,77339130.00
"No Date, No Signature",Distrib.,36444.00
No Manches Frida 2,PNT,9270920.00
NOAH The Musical,Fathom,1035603.00
Nobody's Fool,Par.,31713110.00
Non-Fiction,IFC,462987.00
Nostalgia,BST,114603.00
Notes on Appearance,Ghop,5065.00
Notes on Appearance,Ghop,5065.00
Notes on Appearance,Ghop,5065.00
Notes on Appearance,Ghop,5065.00
Notes on Appearance,Ghop,5065.00
Nothing to Lose (2018),Swen,1016188.00
November (2018),Osci.,19084.00
NT Live: Antony & Cleopatra,Fathom,83672.00
NT Live: Cat on a Hot Tin Roof,Fathom,89332.00
NT LIVE: FRANKENSTEIN Cumberbatch as Creature,Fathom,417783.00
NT Live: Hamlet 2018 Encore,Fathom,235229.00
NT Live: Julius Caesar,Fathom,107057.00
NT Live: King Lear,Fathom,185305.00
NT Live: Macbeth,Fathom,97857.00
NT LIVE: The Curious Incident of the Dog in the Night-Time (2018 Encore),Fathom,160381.00
Ocean's 8,WB,140218711.00
Of Fathers and Sons,KL,12579.00
Off Season,Indic.,12544.00
Oh Lucy!,FM,375391.00
Okko's Inn,GK,134787.00
On Chesil Beach,BST,745971.00
On Her Shoulders,Osci.,28288.00
On the Basis of Sex,Focus,24622687.00
Once Upon a Deadpool,Fox,6100309.00
One Last Thing (2018),Fathom,6232.00
One Last Thing (2018),Fathom,6232.00
One Last Thing (2018),Fathom,6232.00
One Last Thing (2018),Fathom,6232.00
One Last Thing (2018),Fathom,6232.00
"One Sings, the Other Doesn't",Jan.,19919.00
Oolong Courtyard,CL,37727.00
Operation Finale,MGM,17612099.00
Operation Red Sea,WGUSA,1543547.00
Our Blood is Wine,MBox,13210.00
Out of Blue,IFC,18779.00
OUT on Stage,Fathom,15623.00
Outside In,Orch.,68492.00
Over the Limit,FM,3243.00
Over the Limit,FM,3243.00
Over the Limit,FM,3243.00
Over the Limit,FM,3243.00
Over the Limit,FM,3243.00
Overboard (2018),PNT,50316123.00
Overlord,Par.,21704844.00
P Storm,CMC,326711.00
Pacific Rim Uprising,Uni.,59874525.00
Pad Man,Sony,1670192.00
Paddington 2,WB,40891591.00
Padmaavat,VPD,11846060.00
Painless,Indic.,7082.00
Painless,Indic.,7082.00
Painless,Indic.,7082.00
Painless,Indic.,7082.00
Painless,Indic.,7082.00
Palau The Movie,Trafalgar,134696.00
Pandas,WB,5757906.00
Papillon (2018),BST,2335896.00
Parchi,ADC,69431.00
Pasolini,KL,19471.00
Patrick,INDEP,6290.00
Patterns of Evidence: The Moses Controversy,Fathom,765361.00
"Paul, Apostle of Christ",Affirm,17560475.00
Penguins (Disneynature),BV,7591753.00
People's Republic of Desire,Tripod,15241.00
Peppa Celebrates Chinese New Year,STX,131225.00
Peppermint,STX,35418723.00
Perfect Blue (2018 re-release),GK,446062.00
Perfect Strangers,PNT,1014507.00
Pet Sematary (2019),Par.,54724696.00
Peter Rabbit,Sony,115253424.00
Peterloo,Amazon,151971.00
PGS Intuition,Gathr,35423.00
Phoenix Wilder: And The Great Elephant Adventure,Fathom,24844.00
"Phoenix, Oregon",Joma,13809.00
Photograph,Amazon,306536.00
Pick of the Litter,IFC,578717.00
Piercing,Greenwich,15856.00
Play the Flute,5&2,140431.00
Please Stand By,Magn.,9868.00
Please Stand By,Magn.,9868.00
Please Stand By,Magn.,9868.00
Please Stand By,Magn.,9868.00
Please Stand By,Magn.,9868.00
Ploey,VPD,3771.00
Pokemon Detective Pikachu,WB,130601211.00
Pokemon the Movie: The Power of Us,Fathom,789170.00
Police Story and Police Story 2,Jan.,113164.00
Pom Poko - Studio Ghibli Fest 2018,Fathom,372405.00
Poms,STX,13196166.00
Ponyo (10th Anniversary) - Studio Ghibli Fest 2018,Fathom,653072.00
Poor Boy,Indic.,31031.00
Pope Francis - A Man of His Word,Focus,2008385.00
Porco Rosso - Studio Ghibli Fest 2018,Fathom,443059.00
Postcards from London,Strand,5312.00
Postcards from London,Strand,5312.00
Postcards from London,Strand,5312.00
Postcards from London,Strand,5312.00
Postcards from London,Strand,5312.00
Prayer Before Dawn,A24,14453.00
Primal Rage: The Bigfoot Reborn,Fathom,21497.00
Princess Mononoke - Studio Ghibli (2018),Fathom,1423877.00
Proud Mary,SGem,20877013.00
Puffs: Filmed Live Off Broadway,Fathom,464483.00
Puzzle,SPC,2032018.00
Qu? Le?n (What A Lion),Spanglish,2607916.00
Quai des Orfevres (2018 Re-issue),Rialto,28013.00
Quartet (2019 re-release),Cohen,12042.00
Race 3,Yash,1690861.00
Racer & the Jailbird,Super,46337.00
Racetime,EOne,1875283.00
Rachel Hollis Presents: Made for More,Fathom,2999134.00
Rafiki,FM,112811.00
Raid (2018),Eros,1010385.00
Ralph Breaks the Internet,BV,201091711.00
Ramen Heads,FB,57345.00
Ramen Shop,Strand,82758.00
Rampage (2018),WB (NL),101028233.00
Rampant,WGUSA,167937.00
RBG,Magn.,14017361.00
Ready Player One,WB,137690172.00
Realms,TFA,147.00
Realms,TFA,147.00
Realms,TFA,147.00
Realms,TFA,147.00
Realms,TFA,147.00
Red Joan,IFC,1501784.00
Red Sparrow,Fox,46874505.00
Reign of Judges: Title of Liberty - Concept Short,Darin Southa,93224.00
Relaxer,Osci.,4723.00
Rendezvous in July (2018 re-release),Rialto,11321.00
Replicas,ENTMP,4046429.00
Restoring Tomorrow (Event),Fathom,28556.00
Return of the Hero,Distrib.,37108.00
Revenge (2018),Neon,102091.00
Revival!,TriCoast,17252.00
Ridge Runners,Indic.,26019.00
RiffTrax Live: Krull,Fathom,397157.00
RiffTrax Live: Octaman,Fathom,280710.00
RiffTrax Live: Space Mutiny,Fathom,397887.00
River Runs Red,Cdgm.,9893.00
River Runs Red,Cdgm.,9893.00
River Runs Red,Cdgm.,9893.00
River Runs Red,Cdgm.,9893.00
River Runs Red,Cdgm.,9893.00
Robin Hood (2018),LG/S,30824628.00
Rocketman,Par.,25000000.00
Rodin,Cohen,44261.00
Romeo Akbar Walter,Eros,236299.00
Rottentail,Ammo,3383.00
"Ruben Brandt, Collector",SPC,117963.00
Rudy (25th Anniversary),Fathom,131200.00
Run the Race,RAtt.,6424420.00
Running for Grace,Blue Fox,89988.00
Russ Taff: I Still Believe,Fathom,334983.00
RWBY Volume 6 Premiere,Fathom,238379.00
Ryuichi Sakamoto: Coda,MUBI,117460.00
Saga of Tanya the Evil: The Movie,Fathom,288460.00
Sailor Moon R & S - The Movies,Fathom,335697.00
Sailor Moon SuperS - The Movie,Fathom,231434.00
Saint Judy,Blue Fox,78935.00
Samson,PFR,4719928.00
Sanju,FIP,7909317.00
Sauvage / Wild,Strand,54210.00
Savage,WGUSA,74491.00
Schindler's List (2018 re-release),Uni.,833050.00
School of Life,Distrib.,6300.00
School of Life,Distrib.,6300.00
School of Life,Distrib.,6300.00
School of Life,Distrib.,6300.00
School of Life,Distrib.,6300.00
Science Fair,NGE,276195.00
Scotty and the Secret History of Hollywood,Greenwich,461689.00
Screwball,Greenwich,13967.00
Searching,SGem,26020957.00
Searching for Ingmar Bergman,Osci.,36686.00
Second Act,STX,39282227.00
Senso (2018 re-release),Rialto,27723.00
Serenity (2019),Aviron,8547045.00
Seven Years of Night,CJ,24281.00
Sgt. Stubby: An American Hero,FunAcad,4015935.00
Sgt. Will Gardner,Cdgm.,4405.00
Shadow,WGUSA,422568.00
Shazam!,WB (NL),138690400.00
Shed of the Dead,Indic.,24744.00
Shed Skin Papa,CL,13331.00
Sherlock Gnomes,Par.,43242871.00
Shine (2018),GVN,333388.00
Shoah: Four Sisters,Cohen,7323.00
Shoah: Four Sisters,Cohen,7323.00
Shoah: Four Sisters,Cohen,7323.00
Shoah: Four Sisters,Cohen,7323.00
Shoah: Four Sisters,Cohen,7323.00
Shock & Awe,VE,77980.00
Shoplifters,Magn.,3313513.00
Show Dogs,Global Road,17857020.00
Sicario: Day of the Soldado,Sony,50072235.00
Sicilian Ghost Story,Strand,15285.00
Silencio,Tulip,158723.00
Simmba,Relbig.,5102129.00
Skate Kitchen,Magn.,236799.00
Skyscraper,Uni.,68420120.00
Slaughterhouse Rulez,Sony,4665.00
Sleepless In Seattle 25th Anniversary,Fathom,127281.00
Slender Man,SGem,30569484.00
Slut in a Good Way,ComDyn,40513.00
Small Group,Gathr,37058.00
Small Group (Theatrical on Demand(r)),Gathr,4299.00
Small Group (Theatrical on Demand(r)),Gathr,4299.00
Small Group (Theatrical on Demand(r)),Gathr,4299.00
Small Group (Theatrical on Demand(r)),Gathr,4299.00
Small Group (Theatrical on Demand(r)),Gathr,4299.00
Smallfoot,WB,83240103.00
Social Animals,VE,5007.00
Social Animals,VE,5007.00
Social Animals,VE,5007.00
Social Animals,VE,5007.00
Social Animals,VE,5007.00
Sollers Point,Osci.,32608.00
Solo: A Star Wars Story,BV,213767512.00
Sonchiriya,PackYourBag,86765.00
Soorma,Sony,390077.00
Sorry Angel,Strand,30628.00
Sorry to Bother You,Annapurna,17493096.00
South Pacific (60th Anniversary),Fathom,458000.00
Souvenir,Strand,11411.00
Spider-Man: Into The Spider-Verse,Sony,190241310.00
Spiral,Cohen,8190.00
Spiral,Cohen,8190.00
Spiral,Cohen,8190.00
Spiral,Cohen,8190.00
Spiral,Cohen,8190.00
Spirited Away - Studio Ghibli Fest 2018,Fathom,1175067.00
Stan & Ollie,SPC,5470235.00
Starfish,Yellow Veil,15849.00
State Like Sleep,Orch.,4282.00
Status Update,VE,4764.00
Status Update,VE,4764.00
Status Update,VE,4764.00
Status Update,VE,4764.00
Status Update,VE,4764.00
Stavisky (2018 re-release),Rialto,13793.00
Stella's Last Weekend,Pala.,4215.00
Stella's Last Weekend,Pala.,4215.00
Stella's Last Weekend,Pala.,4215.00
Stella's Last Weekend,Pala.,4215.00
Stella's Last Weekend,Pala.,4215.00
Step Up: High Water Premiere,Fathom,9005.00
Step Up: High Water Premiere,Fathom,9005.00
Step Up: High Water Premiere,Fathom,9005.00
Step Up: High Water Premiere,Fathom,9005.00
Step Up: High Water Premiere,Fathom,9005.00
Stockholm,SG,292590.00
Storm Boy,Good Deed,71760.00
Straight into a Storm,Abr.,2684.00
Straight into a Storm,Abr.,2684.00
Straight into a Storm,Abr.,2684.00
Straight into a Storm,Abr.,2684.00
Straight into a Storm,Abr.,2684.00
Strangers on the Earth,FRun,9518.00
Strangers on the Earth,FRun,9518.00
Strangers on the Earth,FRun,9518.00
Strangers on the Earth,FRun,9518.00
Strangers on the Earth,FRun,9518.00
Strangers: Prey at Night,Aviron,24586708.00
Student of the Year 2,FIP,778566.00
Studio 54,Zeit.,199767.00
Styx,FM,70300.00
Submission,Great Point,39985.00
Suburban Birds,CGld,8883.00
Sui Dhaaga - Made in India,Yash,790628.00
Suicide: The Ripple Effect,Gathr,347468.00
Summer '03,Blue Fox,11746.00
Summer 1993,Osci.,185903.00
Summer in the Forest,Abr.,45542.00
Summer of '67,MS,8941.00
Summer of '67,MS,8941.00
Summer of '67,MS,8941.00
Summer of '67,MS,8941.00
Summer of '67,MS,8941.00
Sunset (2019),SPC,164906.00
Sunset Boulevard (2018 re-release),Fathom,299645.00
Super Troopers 2,Fox,30617396.00
Superfly,Sony,20545116.00
Superman 40th Anniversary,Fathom,233585.00
Support the Girls,Magn.,129124.00
Survival Sunday: The Walking Dead/Fear the Walking Dead,Fathom,605764.00
Survivors Guide to Prison,Grav.,8982.00
Survivors Guide to Prison,Grav.,8982.00
Survivors Guide to Prison,Grav.,8982.00
Survivors Guide to Prison,Grav.,8982.00
Survivors Guide to Prison,Grav.,8982.00
Suspiria,Amazon,2483472.00
Sweet Country (2018),Gold.,104297.00
Swimming with Men,IFC,24708.00
Swing Kids (2018),WGUSA,222001.00
Tag,WB (NL),54730625.00
Tag Along: The Devil Fish,CL,20726.00
Take Point,CJ,112386.00
Tall Tales from the Magical Garden of Antoon Krings,VPD,220.00
Tall: The American Skyscraper and Louis Sullivan,CGld,7216.00
Tall: The American Skyscraper and Louis Sullivan,CGld,7216.00
Tall: The American Skyscraper and Louis Sullivan,CGld,7216.00
Tall: The American Skyscraper and Louis Sullivan,CGld,7216.00
Tall: The American Skyscraper and Louis Sullivan,CGld,7216.00
TCM: Die Hard 30th Anniversary Event,Fathom,510241.00
TCM: Mr. Smith Goes to Washington,Fathom,144738.00
TCM: My Fair Lady 55th Anniversary,Fathom,560711.00
TCM: Rebel Without a Cause,Fathom,199963.00
TCM: Steel Magnolias 30th Anniversary,Fathom,855421.00
TCM: To Kill a Mockingbird,Fathom,592237.00
TCM: True Grit 50th Anniversary,Fathom,276418.00
TCM: West Side Story,Fathom,398670.00
TCM: White Christmas,Fathom,928298.00
Tea with the Dames,IFC,889343.00
Teen Spirit,BST,441366.00
Teen Titans Go! To The Movies,WB,29790236.00
Tehran Taboo,KL,74758.00
That Summer,IFC,34556.00
That Way Madness Lies,FRun,1447.00
That Way Madness Lies,FRun,1447.00
That Way Madness Lies,FRun,1447.00
That Way Madness Lies,FRun,1447.00
That Way Madness Lies,FRun,1447.00
The 15:17 to Paris,WB,36276286.00
The Accidental Detective 2: In Action,CJ,179045.00
The Advocates,CLS,10402.00
The Advocates,CLS,10402.00
The Advocates,CLS,10402.00
The Advocates,CLS,10402.00
The Advocates,CLS,10402.00
The Aftermath,FoxS,1618497.00
The Amendment,Fathom,27961.00
The Apparition (2018),MBox,28293.00
The Aspern Papers,Cohen,9277.00
The Assassin's Code,Grav.,11218.00
The Atomic Cafe (2018 re-release),KL,22293.00
The Beach Bum,Neon,3487204.00
The Best of Enemies,STX,10205616.00
The Big Bad Fox and Other Tales,GK,35787.00
The Big Lebowski (20th Anniversary),Fathom,582585.00
The Bookshop,Greenwich,1588150.00
The Bounty Killer,Indic.,48815.00
The Boxcar Children: Surprise Island,Fathom,78676.00
The Boy Downstairs,FR,13638.00
The Breadwinner (Gathr Release),Gathr,834.00
The Breadwinner (Gathr Release),Gathr,834.00
The Breadwinner (Gathr Release),Gathr,834.00
The Breadwinner (Gathr Release),Gathr,834.00
The Breadwinner (Gathr Release),Gathr,834.00
The Brink,Magn.,106057.00
The Cakemaker,Strand,875751.00
The Captain,MBox,109226.00
The Cat Returns - Studio Ghibli Fest 2018,Fathom,563718.00
The Catcher Was a Spy,IFC,725223.00
The Chaperone (2019),PBS,585858.00
The Charmer,FM,26167.00
The Children Act,A24,547750.00
The China Hustle,Magn.,48650.00
The Church,Indic.,475524.00
The Citizen (2018),Artma,3495.00
The Citizen (2018),Artma,3495.00
The Citizen (2018),Artma,3495.00
The Citizen (2018),Artma,3495.00
The Citizen (2018),Artma,3495.00
The Clovehitch Killer,IFC,8208.00
The Clovehitch Killer,IFC,8208.00
The Clovehitch Killer,IFC,8208.00
The Clovehitch Killer,IFC,8208.00
The Clovehitch Killer,IFC,8208.00
The Cold Blue,Fathom,420177.00
The Commuter,LGF,36343858.00
The Crossing,CMC,90896.00
The Cured,IFC,26630.00
The Curse of La Llorona,WB (NL),54090245.00
The Dark Crystal (special re-release),Fathom,1036956.00
The Dark Knight (10th Anniversary),WB,375589.00
The Darkest Minds,Fox,12695691.00
The Dating Project,Fathom,208100.00
The Dawn Wall,Orch.,112191.00
The Dawn Wall (Fathom),Fathom,970032.00
The Day After,CGld,24746.00
The Death of Stalin,IFC,8047856.00
The Desert Bride,Strand,30110.00
The Devil and Father Amorth,Orch.,20449.00
The Doctor from India,Zeit.,67136.00
The Endless,WGUSA,272020.00
The Equalizer 2,Sony,102084362.00
The Escape,IFC,14018.00
The Eyes of Orson Welles,Jan.,10253.00
The Fall of the American Empire,EOne,2736093.00
The Fate of Lee Khan (2019 re-release),FM,3813.00
The Favourite,FoxS,34366783.00
The Female Brain,IFC,21786.00
The Final Wish,Fathom,25183.00
The Final Year,Magn.,191900.00
The Fireflies are Gone,EOne,245006.00
The First Purge,Uni.,69488745.00
The Fog (2018 re-release),Rialto,70421.00
The Front Runner,Sony,2000105.00
The Garden (2019 re-release),KL,2748.00
The Gardener,Grav.,62734.00
The Girl in the Spider's Web: A New Dragon Tattoo Story,Sony,14841338.00
"The Gospel According to Andr?,Magn.",400713.00,NULL
The Gospel of Eureka,KL,20039.00
The Grateful Dead Meet Up 2018,Fathom,600554.00
The Great Battle,WGUSA,472166.00
The Great Buster: A Celebration,Cohen,118344.00
The Great Silence (2018 re-release),FM,53074.00
The Guardians,MBox,177331.00
The Guilty,Magn.,207140.00
The Happy Prince,SPC,466440.00
The Happys,Indic.,21108.00
The Happytime Murders,STX,20706452.00
The Hate U Give,Fox,29719483.00
The Heart of Nuba,Abr.,37788.00
The Heiresses,Distrib.,75712.00
The Hole in the Ground,A24,21072.00
The Hours and Times (2019 re-release),Osci.,1273.00
The House of Tomorrow,Shout!,35821.00
The House That Jack Built,IFC,87993.00
The House That Jack Built (Director's Cut),IFC,170113.00
The House With A Clock In Its Walls,Uni.,68549695.00
The Hummingbird Project,Orch.,371784.00
The Hurricane Heist,ENTMP,6115825.00
The Hustle,UAR,33195602.00
The Image Book,KL,94153.00
The Insult,Cohen,1001305.00
The Intruder (2019),SGem,34207166.00
The Invisibles,Greenwich,407373.00
The Iron Orchard,Santa Rita,204881.00
The Island (2018),WGUSA,670883.00
The Judge (2018),IWF,22257.00
The Kid (2019),LGF,1508593.00
The Kid Who Would be King,Fox,16790790.00
The King (2018),Osci.,259291.00
The Last Movie Star,A24,14410.00
The Last Race,Magn.,11947.00
The Last Resort,KL,158646.00
The Last Suit,OutF,73548.00
The Least of These: The Graham Staines Story,Fathom,607015.00
The Legend of Hallowaiian,VPD,451.00
The Legend of Hallowaiian,VPD,451.00
The Legend of Hallowaiian,VPD,451.00
The Legend of Hallowaiian,VPD,451.00
The Legend of Hallowaiian,VPD,451.00
The LEGO Movie 2: The Second Part,WB,105806508.00
The Little Mermaid (2018),Conglomerate,147175.00
The Little Stranger,Focus,713143.00
The Lodgers,EpicPics,7362.00
The Lodgers,EpicPics,7362.00
The Lodgers,EpicPics,7362.00
The Lodgers,EpicPics,7362.00
The Lodgers,EpicPics,7362.00
The Long Dumb Road,TFA,4667.00
The Long Dumb Road,TFA,4667.00
The Long Dumb Road,TFA,4667.00
The Long Dumb Road,TFA,4667.00
The Long Dumb Road,TFA,4667.00
The Lost Village,FRun,1780.00
The Lost Village,FRun,1780.00
The Lost Village,FRun,1780.00
The Lost Village,FRun,1780.00
The Lost Village,FRun,1780.00
The Lumber Baron,Indic.,26180.00
The Man Who Killed Don Quixote,Scre.,376005.00
The Meg,WB,145443742.00
The Mercy,Scre.,29538.00
The Metropolitan Opera: Cosi Fan Tutte (2018),Fathom,1302949.00
The Metropolitan Opera: Luisa Miller,Fathom,1166858.00
The Miracle Season,Mirr/LD,10230620.00
The Misandrists,Cartilage,26123.00
The Miseducation of Cameron Post,FR,904703.00
The Monkey King 3,WGUSA,187074.00
The Most Unknown,Abr.,12119.00
The Mule,WB,103804407.00
The Mustang,Focus,5043620.00
The Negotiation,CJ,110986.00
The Nun,WB (NL),117450119.00
The Nutcracker and the Four Realms,BV,54858851.00
The Oath (2018),RAtt.,401463.00
The Old Man & the Gun,FoxS,11277120.00
The Opera House,Fathom,320079.00
The Oscar Nominated Short Films 2018,Shrts.,3508777.00
The Oscar Nominated Short Films 2019,Shrts.,3531094.00
The Other Side of Everything,Icar.,4685.00
The Other Side of Everything,Icar.,4685.00
The Other Side of Everything,Icar.,4685.00
The Other Side of Everything,Icar.,4685.00
The Other Side of Everything,Icar.,4685.00
The Owl's Legacy,Icar.,9981.00
The Owl's Legacy,Icar.,9981.00
The Owl's Legacy,Icar.,9981.00
The Owl's Legacy,Icar.,9981.00
The Owl's Legacy,Icar.,9981.00
The Party (2017),RAtt.,749827.00
The Party's Just Beginning,Orch.,4145.00
The Party's Just Beginning,Orch.,4145.00
The Party's Just Beginning,Orch.,4145.00
The Party's Just Beginning,Orch.,4145.00
The Party's Just Beginning,Orch.,4145.00
The Peacemaker (2018),Central Squa,4400.00
The Peacemaker (2018),Central Squa,4400.00
The Peacemaker (2018),Central Squa,4400.00
The Peacemaker (2018),Central Squa,4400.00
The Peacemaker (2018),Central Squa,4400.00
The Philadelphia Story (2018 re-release),Fathom,404524.00
The Pilgrim's Progress,Fathom,1294596.00
The Polar Express (2018 re-release),WB,731018.00
The Possession of Hannah Grace,SGem,14837422.00
The Predator (2018),Fox,51024708.00
The Price of Everything,HBO,87400.00
The Princess and the Matchmaker,CJ,78900.00
The Prodigy,Orion,14856291.00
The Producers (50th Anniversary),Fathom,216807.00
The Proposal (2019),Osci.,19620.00
The Public,Greenwich,564174.00
The Public Image is Rotten,Abr.,11293.00
The Quake,Magn.,6235.00
The Quake,Magn.,6235.00
The Quake,Magn.,6235.00
The Quake,Magn.,6235.00
The Quake,Magn.,6235.00
The Quest of Alain Ducasse,Magn.,9627.00
The Quest of Alain Ducasse,Magn.,9627.00
The Quest of Alain Ducasse,Magn.,9627.00
The Quest of Alain Ducasse,Magn.,9627.00
The Quest of Alain Ducasse,Magn.,9627.00
The Rider,SPC,2419031.00
The Riot Act,Hann.,75506.00
The Riot and the Dance,Fathom,316103.00
The River and the Wall,Grav.,126772.00
The Road Movie,Osci.,35757.00
The Russian Five,Lucky Hat,464656.00
The Samuel Project,in8,161565.00
The Sandlot (25th Anniversary),Fathom,516130.00
The Seagull,SPC,1252960.00
The Second Time Around,FRun,3837.00
The Second Time Around,FRun,3837.00
The Second Time Around,FRun,3837.00
The Second Time Around,FRun,3837.00
The Second Time Around,FRun,3837.00
The Shining (2018 re-issue),WB,421572.00
The Silence of Others,Argo.,42610.00
The Sisters Brothers,Annapurna,3143056.00
The Snowman Trek,Fathom,51743.00
The Son of Bigfoot,VPD,289308.00
The Sound of Music (2018 re-release),Fathom,616171.00
The Souvenir,A24,465766.00
The Sower,FM,36233.00
The Spanish Prisoner (2019 re-release),Ammo,2679.00
The Spy Behind Home Plate,Ciesla,38403.00
The Spy Gone North,CJ,500803.00
The Spy Who Dumped Me,LGF,33562069.00
The Sun Is Also a Star,WB,4902382.00
The Swan,Synergetic,2367.00
The Swan,Synergetic,2367.00
The Swan,Synergetic,2367.00
The Swan,Synergetic,2367.00
The Swan,Synergetic,2367.00
The Texture of Falling,BloodSweatHo,5010.00
The Texture of Falling,BloodSweatHo,5010.00
The Texture of Falling,BloodSweatHo,5010.00
The Texture of Falling,BloodSweatHo,5010.00
The Texture of Falling,BloodSweatHo,5010.00
The Third Murder,FM,89315.00
The Third Wife,FM,26049.00
The Tomorrow Man,BST,55009.00
The Treasure of the Sierra Madre (70th anniversary),Fathom,215295.00
The Trump Prophecy,Fathom,671198.00
The Untold Story,Ammo,790.00
The Upside,STX,108252517.00
The Wandering Earth,CMC,5875487.00
The Wedding Guest,IFC,386166.00
The Wedding Party 2: Destination Dubai,IronFlix,11140.00
The White Crow,SPC,1521333.00
The Wife,SPC,9601092.00
The Wild Pear Tree,CGld,32850.00
The Wind,IFC,28252.00
The Wizard of Oz (2018 re-issue),WB,351839.00
The Wizard of Oz 80th Anniversary,Fathom,2076020.00
The Workshop,Strand,22061.00
The World Before Your Feet,Greenwich,268644.00
The Young Karl Marx,Orch.,125659.00
They Shall Not Grow Old,WB,17956913.00
This is Congo,Abr.,7051.00
This is Congo,Abr.,7051.00
This is Congo,Abr.,7051.00
This is Congo,Abr.,7051.00
This is Congo,Abr.,7051.00
This is Our Land,Distrib.,11567.00
This Magnificent Cake!,GK,7888.00
Thoroughbreds,Focus,3072605.00
Three Identical Strangers,Neon,12320845.00
Thugs of Hindostan,Yash,1449848.00
Till the End of the World,CL,118660.00
Time Freak,Grindstone,10003.00
Time Freak,Grindstone,10003.00
Time Freak,Grindstone,10003.00
Time Freak,Grindstone,10003.00
Time Freak,Grindstone,10003.00
Tito and the Birds,Shout!,4332.00
To Dust,Good Deed,184495.00
Tolkien,FoxS,4433779.00
Tom of Finland (Gathr Release),Gathr,3314.00
Tom of Finland (Gathr Release),Gathr,3314.00
Tom of Finland (Gathr Release),Gathr,3314.00
Tom of Finland (Gathr Release),Gathr,3314.00
Tom of Finland (Gathr Release),Gathr,3314.00
Tomb Raider,WB,58250803.00
Tommy Wiseau's The Room,Fathom,549602.00
Total Dhamaal,FIP,2167632.00
Touch Me Not,KL,13782.00
Traffik,LGF,9186156.00
Transformers: The Movie (2018 re-release),Fathom,619597.00
Transit,MBox,809111.00
Trial by Fire,RAtt.,148504.00
Triple Threat,WGUSA,76289.00
Trust Machine: The Story of Blockchain,SingularDTV,14905.00
Truth or Dare,Uni.,41411015.00
Tully (2018),Focus,9369755.00
TVTV: Video Revolutionaries,FRun,812.00
TVTV: Video Revolutionaries,FRun,812.00
TVTV: Video Revolutionaries,FRun,812.00
TVTV: Video Revolutionaries,FRun,812.00
TVTV: Video Revolutionaries,FRun,812.00
Twiceland,CJ,52874.00
Two Men Went to War (2018 re-release),Indic.,1227.00
Two Men Went to War (2018 re-release),Indic.,1227.00
Two Men Went to War (2018 re-release),Indic.,1227.00
Two Men Went to War (2018 re-release),Indic.,1227.00
Two Men Went to War (2018 re-release),Indic.,1227.00
Tyler Perry's A Madea Family Funeral,LGF,73257045.00
Tyler Perry's Acrimony,LGF,43549096.00
Tyrel,Magn.,21456.00
Uglydolls,STX,19577197.00
Un Traductor,FM,13509.00
Unbroken: Path to Redemption,PFR,6216897.00
Uncle Drew,LG/S,42469946.00
Under the Eiffel Tower,Orch.,6291.00
Under the Silver Lake,A24,46083.00
Under the Tree,Magn.,67596.00
Under the Turban,Gathr,1190.00
Under the Turban,Gathr,1190.00
Under the Turban,Gathr,1190.00
Under the Turban,Gathr,1190.00
Under the Turban,Gathr,1190.00
Under the Wire,Abr.,3429.00
Under the Wire,Abr.,3429.00
Under the Wire,Abr.,3429.00
Under the Wire,Abr.,3429.00
Under the Wire,Abr.,3429.00
Unfriended: Dark Web,BH Tilt,8866745.00
Unplanned,PFR,18096020.00
Unsane,BST,7732899.00
Unstoppable (2018),WGUSA,101417.00
Upgrade,BH Tilt,11977130.00
Uri: The Surgical Strike,PackYourBag,4186168.00
Us,Uni.,174891780.00
Vazante,MBox,23884.00
Venom (2018),Sony,213515506.00
Vertigo (60th Anniversary),Fathom,394212.00
Vice,Annapurna,47836282.00
Viper Club,RAtt.,60607.00
Virginia Minnesota,Indic.,16118.00
Vox Lux,Neon,727119.00
Walking on Water,KL,54025.00
Wanda (2018 re-release),Jan.,51713.00
War and Peace (2019 re-release),Jan.,105679.00
Wastelander,Indic.,70045.00
We the Animals,Orch.,400961.00
Weed the People,Abr.,13926.00
Weightless,Great Point,4461.00
Weightless,Great Point,4461.00
Weightless,Great Point,4461.00
Weightless,Great Point,4461.00
Weightless,Great Point,4461.00
Welcome to Marwen,Uni.,10763520.00
West of the Jordan River,KL,1926.00
West of the Jordan River,KL,1926.00
West of the Jordan River,KL,1926.00
West of the Jordan River,KL,1926.00
West of the Jordan River,KL,1926.00
Western,CGld,41072.00
"Westwood: Punk, Icon, Activist",Greenwich,58979.00
What Is Democracy?,Zeit.,44536.00
What Men Want,Par.,54611903.00
What They Had,BST,260136.00
What We Left Behind: Looking Back At Star Trek: Deep Space 9,Fathom,382457.00
What Will People Say,KL,44156.00
When You Read this Letter (2018 re-release),Rialto,15552.00
Where Hands Touch,VE,67743.00
Where is Kyra?,Great Point,59717.00
White Boy Rick,Studio 8,24011188.00
Whitney,RAtt.,3026351.00
Who We are Now,FR,19128.00
Who Will Write Our History,Abr.,138039.00
Widows,Fox,42402632.00
Wild Nights With Emily,Greenwich,495325.00
Wilder vs Fury,Fathom,304482.00
Wildlife,IFC,1050616.00
Winchester,LGF,25091816.00
Wings of Desire (2018 re-release),Jan.,123830.00
Winning Formula,Indic.,22189.00
Woman at War,Magn.,833186.00
Woman Walks Ahead,A24,57528.00
Won't You Be My Neighbor?,Focus,22835787.00
Wonder Park,Par.,45216793.00
Wonders of the Sea 3D,Fathom,100780.00
Woodstock: Three Days That Defined a Generation,PBS,22142.00
Working Woman,Zeit.,58834.00
Wrestle,Osci.,26597.00
Ya Veremos,PNT,4165949.00
Yardie,Rialto,36012.00
Yellow Submarine (2018 re-release),Abr.,992305.00
You Were Never Really Here,Amazon,2528078.00
Yu-Gi-Oh! The Movie (2018 re-release),Fathom,121688.00
Yuri!!! on ICE Binge,Fathom,81878.00
Zama,Strand,200600.00
Zen for Nothing,Zeit.,9756.00
Zero,Yash,1035388.00
Zilla and Zoe,Indic.,15341.00
Zoo Wars,PDF,8998.00
Zoo Wars,PDF,8998.00
Zoo Wars,PDF,8998.00
Zoo Wars,PDF,8998.00
Zoo Wars,PDF,8998.00

